3.64784226605724,-0.00134962981038341,30.3767790515278,-0.002,0.003,0
3.34157125606709,-3.78388997609184,30.3594976338661,-3.772,1.506,2.563
3.74919370029177,1.51013683418936,30.3547114615851,1.5,4.488,5.563
3.76062906448799,1.51225951594281,30.3641938107366,1.5,4.504,8.391
3.76837008657738,1.50957123343309,30.3533586774063,1.498,4.515,11.235
3.77488409587873,1.50964546420765,30.3438033311887,1.498,4.521,14.079
3.78010308474043,1.51115121036711,30.3217110098716,1.498,4.526,16.969
3.78449048114563,1.5111693413455,30.297274823539,1.498,4.531,19.813
3.78842751443382,1.51047196744982,30.2706176079027,1.498,4.531,22.672
3.79220883608067,1.51101259858879,30.2407378422984,1.498,4.537,25.563
3.79570637796069,1.51052843371779,30.2157227797071,1.5,4.542,28.422
3.79870440810179,1.50979785256819,30.1914666732795,1.5,4.542,31.266
3.80164972546134,1.50930139845443,30.1728396475978,1.5,4.548,34.188
3.80414543168199,1.51074836328267,30.1407473740989,1.5,4.548,37.079
3.80625328914935,1.50460439571473,30.1151317511297,1.498,4.553,39.938
3.80822755696976,1.50626654917259,30.0820795224253,1.498,4.553,42.813
3.81015497501269,1.51019690856888,30.0601596467716,1.498,4.553,45.672
3.81174850729797,1.51065231146447,30.0288655939904,1.498,4.558,48.563
3.81341111176878,1.51014125602435,30.0013175947016,1.498,4.558,51.454
3.81491368995787,1.51109650298113,29.9788758490241,1.5,4.558,54.329
3.81628427298869,1.5106368658153,29.9531375126987,1.498,4.558,57.204
3.81736548728052,1.51130561305424,29.9296756178517,1.498,4.558,60.094
3.81822778826014,1.50822077675161,29.8995775922912,1.5,4.564,63.047
3.81927281753516,1.51183521041438,29.8770277366361,1.5,4.564,65.954
3.82040190075973,1.50991396772397,29.8631422577023,1.5,4.564,68.829
3.82141253723384,1.51460110113693,29.8339213993385,1.5,4.564,71.719
3.82211113717439,1.51271124670201,29.8100185643261,1.498,4.569,74.625
3.82315441526598,1.50969421000397,29.774359703381,1.5,4.569,77.532
3.82373392154776,1.51384455790927,29.760646814481,1.498,4.569,80.438
3.82456190395244,1.51297970339551,29.7299267049388,1.498,4.569,83.422
3.82516836551379,1.51121691379903,29.7092038140179,1.5,4.569,86.344
3.82609118849534,1.50754129172257,29.6937633017424,1.498,4.569,89.25
3.82647649741001,1.50880749421589,29.6707261712623,1.5,4.569,92.25
3.82687499564522,1.51032913929361,29.6453411438476,1.5,4.575,95.188
3.82782612236008,1.51084849099899,29.6287942158471,1.498,4.575,98.11
3.8285486000402,1.50813570215759,29.6079972773568,1.498,4.569,101.11
3.82915255552227,1.5085926729771,29.5928758205198,1.5,4.575,104.063
3.82982465910259,1.50940828519779,29.5753167722818,1.5,4.575,107
3.83026614836035,1.51319719786538,29.5502033661383,1.5,4.575,109.985
3.83104682315123,1.50792730807601,29.5318261185359,1.498,4.575,112.954
3.83145131820088,1.51126089655675,29.5095870858784,1.5,4.575,115.969
3.83211478170452,1.51150352066989,29.4901246925228,1.5,4.575,118.938
3.83269904575231,1.50991678321241,29.4677704562102,1.5,4.58,121.954
3.8335026886911,1.5080160543035,29.4457077077509,1.5,4.58,124.985
3.83376546366387,1.511749423334,29.4304562251572,1.498,4.58,127.985
3.83456491316826,1.51109917096721,29.4122748562229,1.5,4.58,130.969
3.83538750309047,1.50517142397773,29.3925977952761,1.498,4.58,133.969
3.83613385961992,1.51100191528492,29.3657673923197,1.5,4.58,136.969
3.83651532880294,1.50645572825473,29.3566579827345,1.498,4.58,140
3.83675194665114,1.51364355783583,29.3394074340975,1.498,4.58,142.985
3.83778244681158,1.50962199407615,29.322142321594,1.5,4.58,146
3.83842894218661,1.51102963887226,29.2923150397648,1.498,4.58,149.079
3.83903404447976,1.50958410133035,29.2758570295307,1.5,4.58,152.125
3.83974150898639,1.51158932832436,29.2663971761347,1.498,4.586,155.172
3.84066321828988,1.51147484014692,29.2399523924425,1.498,4.586,158.235
3.84120430709687,1.51109828306118,29.2242922041186,1.5,4.586,161.313
3.8418360472965,1.50998391606745,29.2025397557709,1.498,4.586,164.422
3.84236142361773,1.5111882022804,29.1911148154789,1.5,4.586,167.485
3.84306328576814,1.51159312687272,29.1674323677473,1.498,4.586,170.563
3.8438071009666,1.51225111329023,29.1471680927651,1.5,4.586,173.625
3.84445801343737,1.50946283831215,29.1421085230804,1.498,4.591,176.766
3.84502600851036,1.50940239528256,29.1231432924679,1.498,4.591,179.922
3.8458290513759,1.51372430384613,29.1022499950193,1.5,4.591,183.079
3.84654536539633,1.51037831162468,29.1011434735495,1.5,4.591,186.188
3.84737532185935,1.5101547068281,29.0762753048527,1.5,4.591,189.313
3.84800447706202,1.51288702186636,29.0578841872642,1.5,4.591,192.454
3.84872917093275,1.51094902301874,29.0453605556879,1.498,4.591,195.563
3.84899737952402,1.50877250141617,29.0233032100647,1.498,4.591,198.719
3.85000760806228,1.51202147600922,29.0030734377485,1.498,4.596,201.907
3.85094214836546,1.5106568414758,28.9849373943941,1.5,4.596,205.063
3.85131032847072,1.51118371596825,28.9769584175747,1.498,4.596,208.204
3.85212762869618,1.51289653438264,28.9587573693024,1.498,4.596,211.36
3.85293087887052,1.51441310278651,28.944034957307,1.498,4.596,214.532
3.85366205124819,1.50892207570835,28.9273106919723,1.5,4.596,217.704
3.85446596155996,1.51085371340042,28.9107727243785,1.5,4.596,220.86
3.85489184872762,1.50921489613803,28.8901611472636,1.498,4.596,224.047
3.85542607743705,1.51178771893073,28.8694291642388,1.498,4.596,227.235
3.85620870597702,1.51112196668941,28.8487159935754,1.5,4.602,230.454
3.85689384120511,1.51219072545537,28.8413386053197,1.5,4.602,233.688
3.85767048561608,1.5107739266487,28.8225306351258,1.5,4.602,236.969
3.85822896097225,1.51196865934731,28.8066344137888,1.5,4.602,240.219
3.8588440525707,1.50929509366932,28.7836594925052,1.498,4.602,243.454
3.85978034219025,1.5109554175361,28.7736167267817,1.5,4.602,246.766
3.8602806904862,1.51098220394706,28.758918688224,1.5,4.602,250.032
3.86093747502963,1.50879068028735,28.7368633770988,1.5,4.602,253.282
3.86181234180694,1.51009946608694,28.7308996080794,1.5,4.602,256.594
3.86254629583535,1.50800462234447,28.7217135066424,1.5,4.607,259.922
3.86316410731536,1.50933861682601,28.7010683920635,1.5,4.607,263.204
3.8635727842177,1.5096147108839,28.6859681636639,1.5,4.607,266.532
3.86449179830232,1.5123711053617,28.6705703631118,1.498,4.607,269.844
3.86518639418627,1.50677727514602,28.6513386376816,1.5,4.607,273.172
3.86590656573092,1.51288973790925,28.6392050119437,1.5,4.607,276.547
3.86650228836998,1.51382970669527,28.6243350266589,1.5,4.607,279.907
3.86736092162537,1.50797521374434,28.6108032477357,1.498,4.607,283.282
3.86801192515143,1.5116279252411,28.5929329045294,1.5,4.613,286.672
3.86865323187583,1.50977421042848,28.5720660617604,1.498,4.613,290.016
3.86938470709818,1.5112501522231,28.559863121622,1.498,4.613,293.407
3.86991038477668,1.50981737475431,28.5527844618626,1.5,4.613,296.813
3.87092272388961,1.5116903561089,28.5414927708733,1.5,4.613,300.25
3.8714333972541,1.51093741540457,28.5248341352583,1.5,4.613,303.719
3.87220271916382,1.5077519429038,28.5141680679233,1.5,4.613,307.204
3.87264659071321,1.51335279482485,28.4899473268922,1.498,4.613,310.657
3.87321767439072,1.51775580066193,28.4769662935433,1.498,4.613,314.172
3.87378604232905,1.51065153534233,28.4682851763053,1.498,4.618,317.688
3.87497195754814,1.51222303315167,28.451835637971,1.498,4.618,321.157
3.87555021387449,1.51017089572982,28.4404458542386,1.5,4.618,324.625
3.87619739256323,1.51111156329329,28.4170224397902,1.5,4.618,328.094
3.8769678879176,1.5108995913435,28.4019548468245,1.498,4.618,331.579
3.87751532277462,1.50755466293207,28.3947612618341,1.498,4.623,335.063
3.87818672053101,1.5131100102529,28.3733186116862,1.498,4.623,338.579
3.87864335956398,1.50989505287412,28.3584623758224,1.5,4.623,342.125
3.87954848575818,1.50872878541253,28.3514121534952,1.5,4.623,345.735
3.88025671687681,1.51122589766582,28.338186960439,1.5,4.623,349.282
3.88085351270126,1.50869013145469,28.3219983120905,1.5,4.623,352.844
3.88169420260708,1.51106532428752,28.3087768469503,1.498,4.623,356.454
3.88226510888628,1.5099720036926,28.2938315285963,1.5,4.623,360.047
3.88293292564098,1.50864351002103,28.285091496536,1.5,4.623,363.672
3.88375924624976,1.5106509655051,28.2656071788753,1.498,4.623,367.266
3.88436029022689,1.51115593906513,28.2499817743412,1.5,4.623,370.922
3.88496298428944,1.51083717352925,28.2486219188588,1.498,4.623,374.625
3.88533292317556,1.51058208263063,28.2311303879827,1.498,4.629,378.25
3.88611126276402,1.51314296705995,28.2161713383637,1.5,4.629,381.922
3.88712533437384,1.50834300728814,28.1923554586419,1.498,4.629,385.641
3.88758815592725,1.51306133423312,28.1855742000938,1.498,4.629,389.36
3.88821053424351,1.510513272895,28.1830088337875,1.5,4.629,393.063
3.88888888612685,1.51194250310908,28.1672583158398,1.498,4.629,396.782
3.88940324227787,1.51149279582551,28.1549155382306,1.5,4.629,400.532
3.89048763788921,1.51154698121798,28.1367690703564,1.5,4.629,404.266
3.89099965786698,1.50895218490847,28.1267197579447,1.498,4.634,408.016
3.89151525766353,1.51104871908935,28.1037533889495,1.5,4.634,411.782
3.89223341113112,1.51149171717954,28.0948052716802,1.5,4.634,415.563
3.89292150534258,1.50997027882796,28.073406135519,1.5,4.634,419.329
3.8935476706165,1.50930598085369,28.0722421970674,1.5,4.634,423.125
3.89438750914037,1.51306789875987,28.0509358515825,1.5,4.634,426.938
3.89519976966827,1.51440197033374,28.0309295843675,1.498,4.634,430.797
3.89563263377016,1.51113758443395,28.0256591976882,1.498,4.64,434.641
3.89622641597966,1.51127663149051,28.0106092767247,1.498,4.64,438.485
3.89701291657856,1.51181100254137,28.0005666668188,1.5,4.64,442.344
3.89795219356835,1.51034869715536,27.9922178251771,1.498,4.64,446.282
3.89864884009235,1.51444479596803,27.9825998003219,1.498,4.64,450.204
3.89859744378204,1.51133745788767,27.9648855373212,1.5,4.64,454.157
3.89945379822341,1.50951977277609,27.945662872017,1.5,4.64,458.094
3.90035007316509,1.51183294802019,27.9418053715214,1.5,4.64,462.047
3.90101388908134,1.50878982687168,27.9311001804565,1.498,4.64,465.985
3.90147089689064,1.51033551938681,27.9151723600272,1.5,4.64,469.985
3.90237186030489,1.51201935764436,27.90198232847,1.5,4.645,474
3.90299141646334,1.50972512841339,27.8970345197187,1.5,4.645,478
3.9034379269065,1.51155938824589,27.8877303648404,1.498,4.645,482.032
3.90422371974022,1.51161435582165,27.8692210010244,1.498,4.645,486.094
3.90494492305521,1.51211453305558,27.8594804598922,1.5,4.645,490.188
3.90548250619836,1.51294766403993,27.8426527529277,1.5,4.645,494.297
3.90617837462263,1.51580599008518,27.8356828000337,1.498,4.645,498.375
3.90683646557664,1.5137498894259,27.8240602621626,1.5,4.645,502.454
3.90729954306373,1.51243259767261,27.8171297088901,1.5,4.65,506.563
3.90780881638291,1.50755871012897,27.8001874877387,1.5,4.65,510.672
3.90879045288659,1.51086096193068,27.7839550469476,1.5,4.65,514.797
3.90910405134004,1.50963381824313,27.768310754819,1.498,4.65,518.938
3.90993243142262,1.5091424579551,27.7704730721516,1.498,4.65,523.157
3.91052514255755,1.51338749749954,27.7547150223255,1.498,4.65,527.313
3.91119930822631,1.50970762757053,27.740347246543,1.498,4.65,531.5
3.91163559182431,1.50964597330495,27.7241359412907,1.5,4.65,535.766
3.91226547205258,1.51088479163064,27.7120383576988,1.498,4.65,540
3.91301603938315,1.5105603198069,27.702886703657,1.5,4.656,544.25
3.91336126095929,1.50929202938804,27.6945808539474,1.5,4.656,548.485
3.9140119474235,1.51023661315672,27.6789157886865,1.5,4.656,552.782
3.9146098394598,1.51086672701035,27.6729621481553,1.5,4.656,557.047
3.91508108480213,1.50910026269818,27.6572425980827,1.5,4.656,561.375
3.91571237686441,1.5132948766988,27.6482035149129,1.5,4.656,565.688
3.91618963582149,1.50986760952681,27.6349629909884,1.498,4.656,570.063
3.91679908887719,1.50985503503226,27.6245478399376,1.5,4.656,574.469
3.91752134519341,1.51134922702378,27.6167639541243,1.5,4.656,578.891
3.9177059414094,1.51147213257758,27.596206633643,1.5,4.661,583.297
3.91855320622736,1.50891832241486,27.583399257745,1.5,4.661,587.704
3.91908637461912,1.50924305054191,27.5663146737809,1.498,4.661,592.094
3.91939473481105,1.51047990451935,27.5584701881783,1.5,4.661,596.516
3.91973621071603,1.50866318610314,27.5481775452894,1.5,4.661,600.954
3.92034203446027,1.51157571235858,27.5421631505695,1.5,4.661,605.407
3.92113104098928,1.51076930435522,27.5295256263413,1.5,4.661,609.954
3.92145906479859,1.50984042652049,27.525913854273,1.5,4.661,614.469
3.92208773343719,1.50836062199339,27.5139394361501,1.5,4.661,618.969
3.9225357042703,1.50931500598827,27.4960735191461,1.498,4.661,623.516
3.9229539843569,1.50981352193285,27.4867503741471,1.498,4.661,628.047
3.92354441750769,1.5112744119751,27.4774420325299,1.498,4.661,632.625
3.92400102200386,1.51046227373479,27.4700096754256,1.498,4.661,637.188
3.9244265540011,1.50997485987999,27.4571814173412,1.498,4.667,641.829
3.92509654868,1.51133641187055,27.4484935628463,1.5,4.667,646.454
3.9256652775097,1.51112732032567,27.4377784029347,1.498,4.667,651.11
3.9256850397,1.50913241665839,27.4241581216516,1.5,4.667,655.797
3.92651071026691,1.51264704554204,27.416569049491,1.498,4.667,660.5
3.92695228438859,1.51265024295081,27.4075022352502,1.5,4.667,665.188
3.92746320117681,1.5084326190535,27.4027792987102,1.5,4.667,669.907
3.92784484015485,1.51198375726739,27.378594227031,1.498,4.667,674.641
3.92825926299454,1.50900364735748,27.376729624487,1.5,4.667,679.375
3.92870402946122,1.50922649975829,27.3622974227621,1.5,4.667,684.141
3.92942945574557,1.51012603685215,27.3659845149849,1.498,4.667,688.938
3.92962987623217,1.5093881420657,27.3567815938686,1.5,4.672,693.782
3.93043448909646,1.51130493017672,27.3468568964233,1.5,4.672,698.579
3.9305641443217,1.51269146592249,27.3372365788815,1.498,4.672,703.422
3.93105520827557,1.51265645289626,27.3218749152728,1.498,4.672,708.282
3.93139353596963,1.51284986325238,27.3095982312063,1.5,4.672,713.141
3.93207558733942,1.51169261469389,27.3104979465205,1.5,4.672,718.032
3.9325053044013,1.50933641017998,27.2994786312279,1.498,4.672,723
3.9328592407529,1.5117638318915,27.2893988421383,1.5,4.672,727.969
3.93324137407983,1.51256757691184,27.2816567539425,1.498,4.672,732.907
3.93367193647764,1.51191760820341,27.2770334480419,1.498,4.672,737.875
3.93405997693291,1.51014491393034,27.2635795293611,1.5,4.672,742.891
3.93478692309716,1.51098565294282,27.2613893046811,1.498,4.672,747.907
3.93520150663973,1.50915162226867,27.250607295057,1.498,4.672,752.985
3.93535300267228,1.51167384599642,27.2420260030074,1.5,4.672,758.063
3.93593582339523,1.51137248157895,27.2358093985831,1.498,4.677,763.157
3.93632885504768,1.5147468331087,27.2338211445769,1.498,4.677,768.282
3.93686505244003,1.50784265704169,27.2232265022385,1.5,4.677,773.438
3.93730867065816,1.51177629395868,27.2235101562444,1.5,4.677,778.563
3.9376958075983,1.50793220765114,27.2164638585441,1.498,4.677,783.782
3.9380637376088,1.51030031970475,27.2004276461271,1.498,4.677,788.954
3.93856287638266,1.50943384739589,27.1975580387038,1.5,4.677,794.157
3.93921259409351,1.50979754078995,27.1838355360291,1.498,4.677,799.344
3.93956850633961,1.50867180442622,27.1847552479579,1.5,4.677,804.579
3.9399616409401,1.51206963821773,27.1767842504878,1.5,4.677,809.86
3.94064397275682,1.50805366432503,27.1637439709783,1.5,4.683,815.172
3.94093398889412,1.50982257104451,27.1620596913661,1.498,4.683,820.516
3.94128538617534,1.50913747450865,27.1630071128795,1.5,4.683,825.844
3.94194791443705,1.50944271708908,27.1488389465281,1.5,4.683,831.204
3.94247803146498,1.51173325015121,27.1462386715928,1.5,4.683,836.563
3.9425373045551,1.51238986193276,27.1449576449389,1.498,4.683,841.907
3.94320982379063,1.51087311784217,27.1339430550756,1.5,4.683,847.297
3.94384168783814,1.50931582253212,27.1282355513323,1.5,4.683,852.735
3.9438715731764,1.51038433004802,27.1199025215468,1.498,4.683,858.219
3.94460621954435,1.51214523474838,27.1221217544908,1.5,4.683,863.688
3.94513141754982,1.50828996323184,27.1124252859796,1.5,4.683,869.219
3.94555722580911,1.50912946394876,27.1104645891538,1.498,4.683,874.735
3.94611862807156,1.50883169157329,27.0983124306551,1.5,4.683,880.329
3.94671844110452,1.5124663697294,27.0849301798835,1.5,4.688,885.891
3.94709627266132,1.51035762297235,27.0851444106215,1.5,4.688,891.485
3.94747787753905,1.50995073849797,27.0812662685111,1.498,4.688,897.11
3.94794732409938,1.50848650848286,27.0909067685917,1.5,4.688,902.719
3.94873156344253,1.50992915585574,27.0892019540053,1.5,4.688,908.36
3.9490730613585,1.50879646539354,27.0680473524541,1.498,4.688,914.032
3.94952137531136,1.51313302503462,27.0681690935998,1.5,4.688,919.719
3.94989352531921,1.50915906937739,27.0550579215356,1.5,4.688,925.454
3.95024849555778,1.51294178051351,27.0434382063345,1.5,4.688,931.235
3.95109899767841,1.51078428702552,27.0486052087857,1.498,4.688,937
3.95170832652769,1.50697016513819,27.0438324372387,1.498,4.688,942.813
3.95197196211849,1.51386330938273,27.0424006294364,1.498,4.694,948.594
3.95259075850586,1.51027002347101,27.040437129261,1.5,4.694,954.438
3.95334841035971,1.51465618509281,27.0344093573379,1.5,4.694,960.266
3.95355097466463,1.51196019160219,27.0354961717269,1.5,4.694,966.172
3.95405924665317,1.51387205799136,27.0277122738306,1.498,4.694,972.11
3.95502533313128,1.5078289791989,27.0256228499762,1.498,4.694,978.047
3.95524090048876,1.51156314945322,27.0157166296623,1.498,4.694,984
3.9559508982674,1.50916461082887,27.0192989630507,1.498,4.694,989.969
3.95597760254315,1.51691782811515,27.0274477526738,1.498,4.694,996.047
3.95701407272654,1.50957960788102,27.0128547042106,1.5,4.694,1002.079
3.95749169833344,1.50898420632015,27.0115597038695,1.498,4.699,1008.11
3.95807980263722,1.51323723073409,27.0100816302563,1.5,4.699,1014.204
3.95861929523456,1.5151582741781,26.9987331845746,1.498,4.699,1020.266
3.95879182505018,1.51366004639126,27.0071280075212,1.498,4.699,1026.344
3.95958865327084,1.51177592031118,27.0047742271761,1.5,4.699,1032.485
3.96018095133674,1.5092694164717,27.0015791402084,1.498,4.699,1038.672
3.96067079118621,1.50842912496593,26.9990174606895,1.498,4.699,1044.813
3.96131929290216,1.51065883816496,26.9950296331205,1.5,4.699,1051.032
3.96197953865717,1.50647681673503,26.9959656090475,1.498,4.699,1057.266
3.9625562994223,1.5070859467734,26.9936266549575,1.5,4.704,1063.532
3.96308034769352,1.51174514676288,26.9914138882436,1.498,4.704,1069.813
3.96366159809775,1.51001092970441,27.0022774932567,1.5,4.704,1076.125
3.96447567831447,1.50930198207408,26.9933415390082,1.5,4.704,1082.454
3.96469320064113,1.51289037031151,26.9871234496934,1.498,4.704,1088.86
3.96521377145794,1.50913023749978,26.9956439060681,1.5,4.704,1095.204
3.96598026663996,1.51205730763443,26.987302490941,1.498,4.704,1101.579
3.96664134049627,1.50981968457982,26.9870262628151,1.498,4.704,1108.032
3.96726233142512,1.50934902781193,26.9926741130099,1.5,4.704,1114.469
3.96783001429142,1.51158425773196,26.9919227922103,1.5,4.704,1120.922
3.9682915767466,1.50971190451555,26.9849970834988,1.5,4.704,1127.532
3.96905302017311,1.5125054830596,26.9991319889917,1.5,4.71,1134.032
3.96930021448442,1.50891854736309,26.9870404991334,1.498,4.71,1140.579
3.96995321732338,1.50856665077851,26.9964090889445,1.5,4.71,1147.172
3.97071854520459,1.51248939500192,26.9982477241015,1.498,4.71,1153.86
3.97140283950396,1.50938145305874,26.9993840025524,1.5,4.71,1160.485
3.97204733949675,1.50894849266726,27.0030827467022,1.5,4.71,1167.141
3.97271996191917,1.51166653088136,27.0001033423826,1.5,4.71,1173.829
3.97321265078766,1.50822181118284,26.9971182181047,1.5,4.71,1180.563
3.97404291962102,1.51513560294688,26.992160795911,1.498,4.715,1187.297
3.97449185172021,1.51140660512495,26.9961671225463,1.5,4.715,1194.032
3.97505049168733,1.50914231391091,26.9935307466166,1.5,4.715,1200.813
3.97565761809158,1.50955731210705,27.0022309751967,1.5,4.715,1207.625
3.97646897730939,1.50972927038205,27.0044717333934,1.5,4.715,1214.5
3.97696878095357,1.51123970870491,27.0122147891643,1.498,4.715,1221.422
3.97759310970126,1.51407045354332,27.0136166376581,1.5,4.715,1228.297
3.97784469029483,1.51128112270656,27.021567463452,1.498,4.715,1235.188
3.97869339724753,1.51203912890198,27.0237429384652,1.498,4.715,1242.125
3.97945604623539,1.51119659181889,27.0181402079551,1.5,4.721,1249.11
3.97988367259955,1.51144248485468,27.0299903658757,1.498,4.721,1256.157
3.98041695786183,1.51066653416268,27.0170777627743,1.498,4.721,1263.172
3.9814055218017,1.51472125680729,27.0280046321503,1.498,4.721,1270.235
3.98205817713121,1.50932375554891,27.0331582665037,1.498,4.721,1277.297
3.98249715721759,1.51204001084945,27.0330894893948,1.5,4.721,1284.391
3.98334298889612,1.51135818169208,27.0357159811362,1.498,4.721,1291.532
3.98368889353904,1.51025896062113,27.0437315344185,1.5,4.726,1298.688
3.9846260119864,1.5096457847314,27.0424241023545,1.498,4.726,1305.907
3.98490676874093,1.51085229682756,27.0472704956845,1.498,4.726,1313.094
3.9857836645726,1.50921106195614,27.0569651499544,1.5,4.726,1320.36
3.98642300004915,1.51159318903973,27.0605608090548,1.498,4.726,1327.672
3.98690869341049,1.51003638308581,27.0688181136336,1.5,4.726,1334.938
3.98787377859479,1.51112507300238,27.0710845698034,1.498,4.726,1342.297
3.98845875704627,1.51107872126956,27.073267036205,1.5,4.726,1349.657
3.98893469681398,1.50860325941953,27.0758820728694,1.5,4.726,1357.016
3.98972486408154,1.50938630779706,27.0883401993308,1.5,4.726,1364.407
3.99032242768723,1.51267991709107,27.0853602439543,1.498,4.731,1371.875
3.99124682909869,1.51031208972821,27.0967801054391,1.5,4.731,1379.407
3.99188668003806,1.51293704358518,27.0938934811867,1.5,4.731,1386.922
3.99239033425582,1.51105698246516,27.0943820204665,1.498,4.731,1394.438
3.99298646793466,1.51108500757195,27.0989454494656,1.498,4.731,1401.969
3.99374384325003,1.51254705370962,27.1014532123241,1.5,4.731,1409.516
3.9943441727274,1.51068562852476,27.1147261222683,1.498,4.731,1417.063
3.99519556234857,1.51185411875503,27.1109151600106,1.498,4.731,1424.688
3.99557088309774,1.51270721424348,27.1194273350316,1.498,4.737,1432.344
3.99613624619865,1.51109208140034,27.1220028666602,1.5,4.737,1439.985
3.99705923890815,1.50943967210202,27.130682590197,1.5,4.737,1447.704
3.99804925878402,1.50807711495198,27.1359840559839,1.498,4.737,1455.469
3.99856665425954,1.50930984071923,27.1311902370326,1.5,4.737,1463.188
3.9994681246809,1.5117993715763,27.1383904929461,1.498,4.737,1470.969
4.00010489833496,1.51223399417981,27.1485242092402,1.5,4.737,1478.797
4.00068598007857,1.50984114687996,27.1583974741909,1.498,4.742,1486.719
4.00171108311385,1.50945068600351,27.163084168676,1.5,4.742,1494.594
4.00223462792454,1.51053130582986,27.1713887439997,1.5,4.742,1502.5
4.00290437916895,1.51031362048627,27.1778831560187,1.498,4.742,1510.36
4.00369787343455,1.50905894596275,27.1793223268785,1.5,4.742,1518.313
4.00492634019915,1.50934153829017,27.1824342470354,1.498,4.742,1526.204
4.00535024297926,1.5116869865402,27.1960318942458,1.498,4.742,1534.141
4.00616720009753,1.50928480795992,27.197772277562,1.5,4.748,1542.079
4.00684138149209,1.51299123613267,27.1964038679815,1.498,4.748,1550.141
4.00779148806894,1.51087871889661,27.2101216768472,1.498,4.748,1558.157
4.00845872021803,1.50680405794454,27.2142736496252,1.498,4.748,1566.235
4.0089889637645,1.51102840421904,27.2191420820431,1.498,4.748,1574.313
4.009921729922,1.51019701563491,27.2179041858686,1.498,4.748,1582.422
4.01074807904269,1.51272452282127,27.2422015461468,1.498,4.748,1590.594
4.01186744599596,1.5123989541148,27.2453853360824,1.498,4.753,1598.797
4.01272517154322,1.50862462949738,27.2556343171719,1.5,4.753,1607.063
4.01335925312816,1.50963386771404,27.2591176861558,1.498,4.753,1615.032
4.01391875602706,1.51043766182157,27.260160016975,1.5,4.753,1623.094
4.01481312598726,1.5110477895429,27.2730676634616,1.498,4.753,1631.157
4.01584839040175,1.51114800452995,27.2855067773688,1.5,4.753,1639.266
4.01665865280245,1.51099164214987,27.2874596573716,1.5,4.753,1647.422
4.01754324461051,1.50875183346201,27.2936778980958,1.5,4.758,1655.61
4.01854380311062,1.51048995023053,27.2946783960413,1.498,4.758,1663.813
4.01921188584735,1.50871044079587,27.3114563244288,1.498,4.758,1672.032
4.01989869891907,1.5101390847661,27.3117031503237,1.5,4.758,1680.313
4.02089728365821,1.51301281015706,27.3166065073968,1.498,4.758,1688.563
4.02182323446312,1.51007303364422,27.3370687365135,1.498,4.758,1696.907
4.0229944395525,1.51486542405801,27.3415830609409,1.498,4.764,1705.297
4.02359086649625,1.50833646932193,27.3463540350998,1.5,4.764,1713.735
4.02481115357951,1.50994180095171,27.3552615935912,1.5,4.764,1722.11
4.02529681087069,1.51118186585434,27.3588591781037,1.498,4.764,1730.547
4.02640081532382,1.51209993398905,27.3685300536911,1.498,4.764,1739.016
4.02745606149233,1.51123391497071,27.3759826747659,1.5,4.764,1747.532
4.02825508155057,1.51013750148112,27.3871543881337,1.498,4.769,1756.094
4.02929673181153,1.51060957614847,27.3872861848997,1.498,4.769,1764.657
4.02994404580977,1.5124649749892,27.3979865455406,1.498,4.769,1773.266
4.03108659074546,1.51044595455677,27.4048975584131,1.5,4.769,1781.875
4.03199863995409,1.51100885629519,27.4119909842049,1.5,4.769,1790.547
4.0327343913096,1.50797250128324,27.4191409206827,1.498,4.775,1799.25
4.03402404385788,1.51154046786656,27.4354953394792,1.5,4.775,1807.938
4.03499215098423,1.51237183704613,27.4368315426839,1.5,4.775,1816.438
4.03578287744396,1.50931597130329,27.4514648871179,1.5,4.775,1825.016
4.03693324573504,1.51093025168001,27.4585768938272,1.498,4.775,1833.547
4.03766968456534,1.50951078599471,27.4695288110359,1.5,4.775,1842.157
4.03904804441471,1.51304644958975,27.4717106746883,1.5,4.78,1850.766
4.04009364377585,1.50926406753002,27.4867230467633,1.5,4.78,1859.469
4.04115438494369,1.50993401983252,27.4896811493187,1.498,4.78,1868.25
4.0415380375271,1.50642686607656,27.5039650257848,1.498,4.78,1877
4.04290492284984,1.50923839522836,27.5109733635372,1.5,4.78,1885.75
4.04405261144987,1.51255437994269,27.5173739223406,1.498,4.785,1894.516
4.04495688307493,1.50919045259063,27.5249035833126,1.498,4.785,1903.297
4.04629067574692,1.50889986346929,27.5303212440241,1.5,4.785,1912.172
4.04703304188342,1.51487831613642,27.5349829289816,1.5,4.785,1921.016
4.0483331153326,1.51315206508159,27.5514380353399,1.498,4.785,1930.016
4.04925602106294,1.51124321868581,27.5584858968517,1.498,4.791,1938.954
4.05016539700483,1.51046200568417,27.5618740578459,1.5,4.791,1947.954
4.05187446746637,1.51136457317211,27.577324702446,1.5,4.791,1957.016
4.05278951024833,1.50866716929712,27.5799785826066,1.5,4.791,1966.079
4.05402674962649,1.50997346562544,27.5946127824168,1.498,4.791,1975.188
4.05511666581261,1.50851459312667,27.6047134347648,1.498,4.796,1984.375
4.05606438017789,1.50939912505655,27.6122470978063,1.498,4.796,1993.532
4.05745751023661,1.50978833971012,27.6137712499843,1.5,4.796,2002.688
4.05830113628365,1.5106232141533,27.625069735802,1.5,4.796,2011.266
4.05958034881475,1.51150219813135,27.6380981516769,1.498,4.796,2019.797
4.0606627826469,1.51060218689238,27.6479320577471,1.498,4.802,2028.344
4.0618949385682,1.5127346071851,27.6453742373865,1.498,4.802,2036.985
4.06303074152923,1.51203866999082,27.6654127736761,1.5,4.802,2045.672
4.0638062382401,1.51051283789752,27.664971175566,1.5,4.802,2054.313
4.06497587301794,1.50981760151687,27.6794908907533,1.498,4.802,2063.063
4.06640784696693,1.50958087887761,27.693426044477,1.498,4.807,2071.813
4.06732514810856,1.50970089433651,27.6993594670787,1.498,4.807,2080.579
4.06861868788961,1.51176442039537,27.7067164031882,1.5,4.807,2089.36
4.0695245583331,1.50556025883163,27.7184365209994,1.498,4.807,2098.235
4.070927627845,1.51281783155389,27.7330002761879,1.5,4.812,2107.079
4.07207446933122,1.50979448566126,27.7289837760284,1.498,4.812,2115.969
4.07337262556197,1.51302105301083,27.7391034412078,1.498,4.812,2124.938
4.07439335337942,1.51041303281935,27.7557723989977,1.5,4.812,2133.954
4.07591229610798,1.51189586812495,27.7596247127171,1.5,4.812,2143
4.07684412503038,1.51005504673538,27.7746752637774,1.5,4.818,2152.079
4.078349291539,1.51049853339611,27.779882713572,1.5,4.818,2161.157
4.07980448175201,1.5102343281279,27.7790153200422,1.498,4.818,2170.25
4.08121845945985,1.51184095135735,27.7930624723633,1.5,4.818,2179.407
4.08191856299147,1.50931853666264,27.803577714248,1.5,4.823,2188.563
4.08418477388837,1.51433286847378,27.8198314355494,1.5,4.823,2197.75
4.08500732906328,1.51387170057846,27.8283965881137,1.5,4.823,2207
4.08612475353747,1.51116894689936,27.8372768932771,1.5,4.829,2216.235
4.0871813235745,1.50726705428356,27.8507355765453,1.5,4.829,2225.547
4.08909294367062,1.50927831372654,27.8543008384664,1.498,4.829,2234.922
4.09028820052212,1.51040830681457,27.8645633017721,1.5,4.829,2244.297
4.0917176441361,1.51174341549282,27.8741793698536,1.5,4.834,2253.704
4.09292297202969,1.51000747975835,27.8929680137555,1.498,4.834,2263.141
4.09446473831807,1.50812079872832,27.8983550374522,1.5,4.834,2272.61
4.09582592464962,1.50986058435009,27.9017040334201,1.498,4.834,2282.157
4.09698112257508,1.51166519246735,27.9075744319749,1.498,4.834,2291.688
4.09864465925234,1.51063982240195,27.9202159228663,1.498,4.839,2301.266
4.09999309502149,1.51204040104603,27.9400418799379,1.5,4.839,2310.875
4.10161860176641,1.51215431617383,27.9527423732431,1.498,4.839,2320.563
4.10300422945076,1.51328280574001,27.9575995561267,1.498,4.839,2330.36
4.10435468829424,1.5147804218026,27.9685471369664,1.5,4.845,2340.032
4.10614024662321,1.51343730062397,27.979155071602,1.498,4.845,2349.813
4.10771266535199,1.50962992585183,27.992404955332,1.498,4.845,2359.563
4.10931173553525,1.5072157260871,28.0000281413169,1.498,4.85,2369.36
4.11058844356664,1.50857027446683,28.0115655291972,1.5,4.85,2379.204
4.11223031086217,1.50906146276315,28.0193996711841,1.498,4.85,2389.172
4.11383600363266,1.51193627899954,28.0229684292408,1.5,4.85,2399.016
4.11569318186988,1.51021869413719,28.0252519568077,1.5,4.856,2409
4.11696306415489,1.5081706729681,28.0459768757778,1.498,4.856,2418.969
4.11815505787994,1.51213639761006,28.0687770013951,1.5,4.856,2429.016
4.12025957500478,1.51033438294034,28.0780346687582,1.5,4.861,2439.079
4.12200436663598,1.50953989972013,28.0962351322028,1.498,4.861,2449.157
4.12345368385988,1.5121054375494,28.107464539324,1.5,4.861,2459.313
4.12506003325407,1.50833726408848,28.1207210867886,1.5,4.866,2469.485
4.12706487725577,1.51115457823642,28.1214637114272,1.5,4.866,2479.688
4.12816476242207,1.51208858624453,28.1394920213393,1.498,4.866,2489.922
4.13005380793838,1.51205898884338,28.15185124415,1.5,4.872,2500.219
4.13170580759039,1.51186916634881,28.1626973434044,1.5,4.872,2509.891
4.13326403779055,1.51039047819207,28.181036072523,1.498,4.872,2519.594
4.13463624776066,1.51313202245518,28.1882197515143,1.498,4.872,2529.329
4.1363308817345,1.51026037958279,28.20654576986,1.498,4.877,2539.016
4.13788363176893,1.5091237495907,28.2183894464135,1.498,4.877,2548.829
4.13974900620557,1.50902595660152,28.2337803073727,1.498,4.877,2558.625
4.14138601092772,1.50909844329389,28.2430462378673,1.5,4.883,2568.5
4.14276312413175,1.510447848637,28.2460226860593,1.5,4.883,2578.344
4.14484667704106,1.50663647867425,28.2701977723275,1.498,4.883,2588.219
4.14622023080459,1.51068587592643,28.2806495381389,1.498,4.883,2598.266
4.14827304686411,1.50869394813023,28.3010070023298,1.5,4.888,2608.297
4.14956880485038,1.51415436600801,28.3094240496475,1.498,4.888,2618.313
4.15133174678872,1.51030306623238,28.3230474414292,1.498,4.888,2628.36
4.15285640078794,1.51340435654739,28.3380211424913,1.498,4.893,2638.438
4.15450435242356,1.51004448025477,28.3442062817421,1.5,4.893,2648.61
4.15629165203551,1.51011000202603,28.3636043269966,1.498,4.893,2658.782
4.15814374569284,1.51083888277982,28.3845622210766,1.5,4.899,2668.985
4.1595061079641,1.5075503849553,28.4020014735109,1.498,4.899,2679.172
4.16172550420647,1.51100956321168,28.4161752393859,1.5,4.899,2689.438
4.16334121067191,1.50948480660655,28.434712500917,1.5,4.904,2699.766
4.16479068325531,1.51253113483853,28.4573202459282,1.498,4.904,2710.094
4.1665388973744,1.5119553273353,28.4798578912698,1.498,4.904,2720.454
4.16812944241709,1.50994380003756,28.491928060952,1.498,4.91,2730.844
4.17001935423677,1.510834369094,28.5092338327929,1.5,4.91,2741.313
4.17167272474591,1.50916227095032,28.528708536954,1.498,4.91,2751.782
4.17350849261672,1.51045956736937,28.5607209195353,1.5,4.915,2762.313
4.17510449019244,1.51224222924391,28.5823186173017,1.5,4.915,2772.844
4.1769518173489,1.50783152311539,28.603540735063,1.5,4.915,2783.454
4.17859031548659,1.51392729350028,28.6362580860997,1.5,4.921,2794.063
4.18052026815374,1.50982186929938,28.6540436396095,1.5,4.921,2804.704
4.18218661622739,1.51323066559068,28.6806529790369,1.5,4.921,2815.766
4.18442593420566,1.51329460875877,28.7073767994422,1.498,4.926,2826.641
4.18614656550569,1.50998825876703,28.7313129418929,1.5,4.926,2837.532
4.18797775748198,1.51312862696301,28.7777714883492,1.5,4.926,2848.891
4.18984077478639,1.50991622860153,28.7950385027545,1.5,4.931,2859.922
4.19190254270212,1.51324483499213,28.8240224816649,1.5,4.931,2871.032
4.1940812373576,1.50888670278865,28.8604813661301,1.498,4.931,2882.125
4.19569189712139,1.50852275442175,28.8838619027352,1.5,4.937,2893.297
4.19798766181618,1.50928253665323,28.9119612135562,1.5,4.937,2904.5
4.19984509247616,1.50690856568342,28.949553878427,1.5,4.937,2915.75
4.20201488584154,1.51312573113309,28.9745991330929,1.5,4.942,2927.032
4.2039147472169,1.51038510058958,29.0161486620986,1.5,4.942,2938.657
4.20564119483265,1.50977994098218,29.0447780175473,1.496,4.942,2950.469
4.20693469883141,1.49400508226985,29.0698310581833,1.482,4.937,2962.11
4.20749771171103,1.48012695350509,29.0994020845003,1.469,4.931,2973.797
4.20841449062266,1.46666754240629,29.1279797798096,1.456,4.926,2985.547
4.20937173493803,1.45278481455576,29.1461814177305,1.443,4.921,2997.329
4.20995327759804,1.44182379535611,29.1695265623771,1.43,4.915,3009.094
4.210189186283,1.43051822285757,29.1964991634002,1.418,4.91,3020.282
4.21050444331577,1.41693046971696,29.2107787190719,1.406,4.904,3031.438
4.21173622306977,1.40176919835594,29.2176604187531,1.394,4.899,3042.704
4.21135255780912,1.37881265571246,29.2345149645916,1.371,4.888,3054
4.21150634255459,1.36833435305537,29.2412425402264,1.36,4.883,3065.297
4.211911420179,1.35890127837673,29.2481130300295,1.348,4.877,3076.641
4.21181572891786,1.33667151878333,29.2667021187075,1.324,4.866,3088.016
4.21134316459865,1.31696697653422,29.2732468440609,1.304,4.856,3099.391
4.21154865697636,1.29946796864126,29.2696278378459,1.292,4.85,3110.829
4.21187291412265,1.2883743512323,29.2601505781354,1.28,4.845,3122.282
4.21179674594709,1.28018542136297,29.2666219435743,1.269,4.839,3133.797
4.21178809668447,1.25723637158624,29.2609263822532,1.247,4.829,3145.375
4.21185347973802,1.24567109884108,29.2586303839298,1.235,4.823,3156.985
4.21147514108237,1.22286911035095,29.2472930321431,1.213,4.812,3168.61
4.2118807202648,1.20895401359616,29.2340919211992,1.201,4.807,3180.329
4.21187744193512,1.19850563143693,29.2200773939774,1.189,4.802,3191.954
4.21254974002354,1.18422708296324,29.2055639647154,1.178,4.796,3203.672
4.21273534391568,1.17453494672238,29.1884865663048,1.166,4.791,3215.422
4.21234762134905,1.15338545455792,29.1659841224608,1.144,4.78,3227.25
4.21233977064009,1.14205801990395,29.1422884800805,1.132,4.775,3239.11
4.21237441185574,1.12860915040012,29.1172140841507,1.121,4.769,3251
4.21270949512221,1.11807614598699,29.0891492099566,1.108,4.764,3262.938
4.21226116830323,1.09895836636512,29.0605655697051,1.087,4.753,3274.891
4.2124456448131,1.08510548797989,29.0291348240967,1.076,4.748,3286.907
4.21247246525756,1.07277078598212,29.0051829520211,1.065,4.742,3298.969
4.21253862863132,1.06211635745782,28.9628206759387,1.054,4.737,3311.032
4.21286390655876,1.04925760688177,28.9296499286552,1.042,4.731,3323.079
4.21207418607758,1.02913791496701,28.8999270693519,1.021,4.721,3335.297
4.21205385826111,1.01859641416162,28.861927162623,1.009,4.715,3347.485
4.21222053696463,1.00459109693927,28.8310617141075,0.998,4.71,3359.688
4.2123954657546,0.995328347818749,28.7853683983353,0.988,4.704,3372.016
4.2120178492243,0.981589079510291,28.7511904342256,0.975,4.699,3384.313
4.21223812472135,0.972733999500815,28.7121733885733,0.964,4.694,3396.657
4.21187485625453,0.960850147603188,28.6697618597016,0.954,4.688,3408.985
4.21213287684941,0.950725814103297,28.6400025446191,0.941,4.683,3421.391
4.21193829963691,0.939964079343767,28.5886018118733,0.93,4.677,3433.813
4.21181767716443,0.92609662329419,28.5603306100047,0.92,4.672,3446.313
4.21184707866671,0.91531167369671,28.5122262313205,0.909,4.667,3458.797
4.21148573954564,0.90163678258466,28.4728580535769,0.898,4.661,3471.391
4.21106376913105,0.89185796608149,28.4398462758462,0.887,4.656,3484
4.21136733219825,0.883221278571949,28.4093157503963,0.876,4.65,3496.657
4.21122632595242,0.870501708989255,28.3610540268702,0.864,4.645,3509.391
4.21078866574288,0.863343744519132,28.3215946698541,0.854,4.64,3521.5
4.21067116003888,0.848707464969472,28.2812894847196,0.842,4.634,3533.672
4.21034045238118,0.842615785584848,28.2564297477768,0.831,4.629,3545.813
4.21029605551042,0.824223460966291,28.2235215248556,0.822,4.623,3557.954
4.21001923034167,0.816217684320492,28.1867167645812,0.811,4.618,3570.235
4.20962827870785,0.807256168155018,28.1488793861243,0.8,4.613,3582.563
4.20914132762496,0.794904199132193,28.1147808897243,0.789,4.607,3594.954
4.20888130044604,0.786068810703676,28.0861888892145,0.778,4.602,3607.36
4.20927599239156,0.785034801608241,28.046176672083,0.777,4.602,3619.688
4.20987315921387,0.783974892002188,28.0166949209137,0.776,4.602,3632.079
4.2101187068188,0.769761399675118,27.9772611931721,0.765,4.596,3644.625
4.20891003691902,0.748037397755838,27.9425756338508,0.744,4.58,3657.157
4.20926116695441,0.746806188046733,27.9178874517924,0.743,4.586,3669.719
4.20828107963499,0.727959425595761,27.8793745997898,0.723,4.575,3682.391
4.20844803679433,0.729407200117776,27.8651593133893,0.723,4.575,3695.047
4.20903252840976,0.728160461904046,27.8279853718626,0.721,4.575,3707.735
4.20928821931625,0.725507680133273,27.8006329824565,0.72,4.575,3720.422
4.21018263342589,0.72505730019085,27.7698122936309,0.718,4.575,3733.219
4.21031097817361,0.711554871601477,27.7378962931185,0.708,4.569,3745.985
4.20920516354071,0.691423470906831,27.7068097801479,0.687,4.553,3758.891
4.20893831677697,0.682677752175051,27.6781034589409,0.676,4.548,3771.797
4.20936484602754,0.680802020249345,27.6562306432862,0.676,4.553,3784.672
4.20964747483611,0.679269952193752,27.6276873396325,0.675,4.553,3797.875
4.20970690185887,0.67167133175656,27.5949892024362,0.663,4.542,3810.938
4.20866426355527,0.648774848840911,27.5590471613841,0.642,4.537,3824.25
4.20897020209255,0.649138539646846,27.5394735872161,0.642,4.537,3837.36
4.20940059975616,0.647898858633662,27.499129525384,0.641,4.537,3850.782
4.20931606746245,0.63665691883593,27.4832641573532,0.63,4.526,3864.188
4.20953335875101,0.635370074737793,27.4568366389387,0.629,4.531,3877.375
4.21020004055413,0.633265312632523,27.4272645167554,0.627,4.531,3890.907
4.20994267917657,0.623309155484382,27.3963075526806,0.617,4.526,3904.219
4.20972265239219,0.610976622290115,27.3720461414625,0.606,4.515,3917.782
4.20884280830373,0.590045110931372,27.3479391102536,0.585,4.504,3931.422
4.2083128746281,0.579984926571568,27.3286103551704,0.574,4.499,3944.954
4.2078014995704,0.568954882307584,27.2938389774261,0.565,4.494,3958.657
4.2071917269879,0.559075862958173,27.2673989868373,0.554,4.488,3972.235
4.20674166712403,0.548282612986601,27.2467129461486,0.545,4.483,3985.782
4.20605840589829,0.538344873022231,27.2190276694524,0.534,4.477,3999.61
4.20557225914384,0.528247987012011,27.1893540743849,0.524,4.472,4013.344
4.20496051794161,0.51954482345755,27.1635354569612,0.515,4.467,4026.579
4.20501971163136,0.518166257765411,27.1404688518962,0.513,4.467,4039.875
4.20537375364309,0.515321123364998,27.1178230375968,0.513,4.467,4053
4.20580167541841,0.515589186108398,27.0927538159864,0.512,4.467,4066.172
4.20535970197613,0.505461229178651,27.0644895132905,0.502,4.461,4079.532
4.2046317438217,0.494924391620455,27.0467130837571,0.49,4.456,4092.86
4.20500573498555,0.493903324447487,27.0226530537362,0.49,4.456,4106.125
4.20551098157328,0.494649363642699,26.999069201109,0.49,4.456,4119.547
4.20576147782792,0.495996418128263,26.9659144208404,0.489,4.456,4132.938
4.20576795410214,0.481104765145933,26.9347667673941,0.478,4.45,4146.516
4.20509732694256,0.473110882735974,26.9303197302388,0.468,4.445,4160.11
4.20453019066971,0.463245750892743,26.9084766992372,0.458,4.44,4173.688
4.20475225757258,0.460529726881717,26.8862440033963,0.458,4.44,4187.313
4.20519404960487,0.460625968892878,26.8584382822253,0.458,4.44,4200.907
4.20556980385842,0.461230864701112,26.8349160339036,0.456,4.44,4214.625
4.20518796706533,0.447393753886766,26.8084660381561,0.445,4.434,4228.438
4.2044871579014,0.442734338998475,26.7932676620104,0.435,4.429,4242.032
4.20474804300731,0.440977526269835,26.7755465269871,0.435,4.429,4255.688
4.20511663784024,0.440136687067744,26.7470583554482,0.435,4.429,4269.438
4.20555383431088,0.439047736785664,26.7233081480538,0.433,4.429,4283.407
4.20492019173815,0.427614651020561,26.703381029358,0.422,4.423,4297.188
4.20463055440921,0.415059000378442,26.6952139507656,0.413,4.418,4311.079
4.20465349515545,0.41407212858774,26.6659320340349,0.413,4.418,4325.079
4.20480005329667,0.418267921380953,26.645087834411,0.411,4.418,4339.11
4.20544396047637,0.415737884418613,26.6282536949796,0.411,4.418,4353.297
4.20572564685442,0.415137487839998,26.5990506304288,0.41,4.418,4367.438
4.20518753439403,0.400840801607913,26.5826682315283,0.399,4.413,4381.704
4.20541980131033,0.401966764025085,26.5659375077969,0.398,4.413,4395.985
4.205708802313,0.402541037097241,26.5385879791629,0.398,4.413,4410.329
4.20570259556581,0.393070933913711,26.5154730133637,0.387,4.407,4424.625
4.20512628280233,0.381313094538609,26.4984835347653,0.377,4.402,4439.11
4.20529731690517,0.37908474237302,26.4800243826983,0.377,4.402,4453.579
4.20523353793884,0.381245847843304,26.4540437013754,0.376,4.402,4467.954
4.20563172949,0.379617474894528,26.4460410127206,0.376,4.402,4482.5
4.2054447128815,0.366037801636205,26.4166798364586,0.365,4.396,4497.141
4.20539818199847,0.369527709672929,26.3975494557225,0.365,4.396,4511.672
4.20593453452744,0.364931619050156,26.380756073952,0.364,4.396,4525.547
4.20540569965248,0.356514195065751,26.3596609320985,0.354,4.391,4539.547
4.20528342647928,0.360921021949574,26.3381929948807,0.353,4.391,4553.579
4.20565061832224,0.355456575674463,26.3290063630853,0.353,4.391,4567.579
4.20524021073211,0.344820789980408,26.3060132918253,0.343,4.386,4581.672
4.2056832866958,0.343733830554784,26.2983957712911,0.342,4.386,4595.547
4.2049957609449,0.3327034068231,26.264878572828,0.333,4.38,4609.625
4.20531985555928,0.33482360320024,26.2521783057669,0.331,4.38,4623.75
4.20535553937201,0.334817342860531,26.2370159549795,0.331,4.38,4637.985
4.20566974139998,0.333365607158894,26.2142084082413,0.331,4.38,4652.344
4.20516346990268,0.321734614915138,26.1959663683128,0.32,4.375,4666.657
4.20537750863229,0.324099241964202,26.1798493858866,0.32,4.375,4681.047
4.20560936764106,0.322571452325461,26.1679730102678,0.32,4.375,4695.407
4.20495257519573,0.312464657838533,26.1421017660972,0.31,4.369,4709.75
4.20486608074085,0.313392063170727,26.1249884633199,0.31,4.369,4724.094
4.20501295154249,0.315368738462732,26.1166126465845,0.308,4.369,4738.563
4.20564101405639,0.309253826380213,26.0949304774626,0.308,4.369,4753.125
4.20511449854299,0.301476897184107,26.0845503154776,0.297,4.364,4767.782
4.20510426927123,0.300070572602766,26.0614961542811,0.297,4.364,4782.407
4.20545472326549,0.297918154069248,26.0515446588282,0.297,4.364,4797.094
4.20571646521162,0.299732300741449,26.034649789084,0.297,4.364,4811.782
4.20527936913397,0.286946961232802,26.0235815033146,0.286,4.359,4826.579
4.20518887452067,0.289547267754791,26.0001541151035,0.286,4.359,4841.391
4.20542367710612,0.290753991833784,25.9864795676033,0.285,4.359,4856.172
4.20573483104564,0.286979620759078,25.9722646946475,0.285,4.359,4871.047
4.2061655074793,0.28830936421362,25.9550048894665,0.284,4.359,4885.829
4.20629551221787,0.285909861332865,25.9503621379919,0.284,4.359,4900.782
4.20637307083733,0.287084830039784,25.9347221936578,0.284,4.359,4915.797
4.20693402544537,0.287764991721248,25.912576850317,0.282,4.359,4930.735
4.20614482436777,0.277697416931189,25.9045440683236,0.273,4.353,4945.75
4.20593356898882,0.264705117065631,25.8724185148082,0.262,4.348,4960.688
4.20573039990015,0.265920791345422,25.8651871678613,0.262,4.348,4975.797
4.20578432438468,0.263860593143399,25.8515267207699,0.262,4.348,4990.907
4.20609910896954,0.264444249389761,25.8440543300381,0.262,4.348,5006.141
4.20626206014742,0.262885434248922,25.8271694405403,0.261,4.348,5019.891
4.20662050316264,0.264180295376926,25.8120245449685,0.261,4.348,5033.735
4.205880601112,0.250611730928366,25.7878503060769,0.251,4.342,5047.766
4.20525643709811,0.243810547089061,25.7765180974452,0.24,4.337,5061.782
4.20518682436069,0.243123983184165,25.7762627237092,0.24,4.337,5075.719
4.20553404774027,0.24541228780338,25.7712323178449,0.24,4.337,5089.891
4.20549210234864,0.241148540925912,25.7491196396519,0.24,4.337,5104.016
4.2057474228597,0.240604974090601,25.7359715184482,0.24,4.337,5118.313
4.20602488452156,0.241339608030032,25.7268758133355,0.239,4.337,5132.625
4.20595065832798,0.240813534371819,25.7141792378997,0.239,4.337,5146.985
4.20631477529069,0.244084948408974,25.6978477157887,0.239,4.337,5161.157
4.20656982002267,0.238319933955496,25.686148050904,0.237,4.337,5175.454
4.20601872064854,0.229592482004047,25.6716662505364,0.228,4.332,5189.829
4.20617035790524,0.231494134461542,25.6585961138938,0.228,4.332,5204.313
4.20612397496872,0.229688386044815,25.6456390709413,0.227,4.332,5218.782
4.20623116570622,0.231672343228481,25.6433459087439,0.227,4.332,5233.329
4.20679623771275,0.225561942904939,25.6373033666917,0.227,4.332,5247.829
4.20608140600891,0.219645991112339,25.6204027449973,0.216,4.326,5262.344
4.20539412019006,0.207985354622405,25.608938886267,0.206,4.321,5276.719
4.20523129711526,0.207843842830168,25.6072880376755,0.206,4.321,5291.25
4.20558434646121,0.208813957242223,25.5911041944793,0.206,4.321,5305.985
4.20517644137134,0.209482825199762,25.5784389670136,0.206,4.321,5320.766
4.20561150625371,0.207438530560289,25.5702576787027,0.205,4.321,5335.563
4.20577531337018,0.204880447727074,25.5635733295696,0.205,4.321,5350.157
4.2057674051105,0.2076784779863,25.547054307213,0.205,4.321,5365.11
4.20621861025456,0.206254461247218,25.5365194111843,0.205,4.321,5380.063
4.20642020197741,0.204114243996128,25.5228700407544,0.204,4.321,5395.063
4.2064866836493,0.204758718787221,25.5213873661974,0.204,4.321,5410.125
4.20658530239808,0.206831105464524,25.5071798369684,0.204,4.321,5425.313
4.20616312329697,0.193270975705762,25.4947646635186,0.193,4.315,5440.391
4.2054882729919,0.185517801136794,25.5017183542659,0.183,4.31,5455.657
4.20535422833014,0.186677501074118,25.481376859002,0.183,4.31,5470.86
4.20543138246621,0.18411872867012,25.4808538378007,0.183,4.31,5485.86
4.20561609905364,0.184084400417061,25.4571453412322,0.183,4.31,5500.969
4.20577131597929,0.186790047813337,25.4486541943533,0.183,4.31,5516.235
4.20577063200076,0.18598437043451,25.4352000647322,0.183,4.31,5531.5
4.20609539633379,0.186020986980835,25.4219332776312,0.182,4.31,5546.797
4.20626648771242,0.183864913191352,25.4234608139351,0.182,4.31,5562.25
4.20628856825199,0.182636286269585,25.403410295525,0.182,4.31,5577.766
4.2065492959591,0.185820397317815,25.402254202379,0.18,4.31,5593.204
4.20666590161254,0.184812136503782,25.3832504766843,0.18,4.31,5608.782
4.2059624856304,0.175760428001102,25.3775993004093,0.171,4.305,5624.532
4.20622012367866,0.173029847847341,25.3660010766425,0.171,4.305,5640.047
4.20603782747096,0.174873974409255,25.367115210732,0.171,4.305,5655.813
4.2065145880858,0.172226029324475,25.3571231780395,0.17,4.305,5671.375
4.20663312562347,0.170189516101216,25.3442659468834,0.17,4.305,5687.157
4.20614038494398,0.165589678389727,25.3403119023977,0.16,4.299,5702.938
4.20601105219408,0.161788434477152,25.3248032674692,0.16,4.299,5718.688
4.20583945279224,0.163794333193123,25.3072035210157,0.16,4.299,5734.672
4.2059622982702,0.160472468632124,25.3117365259536,0.159,4.299,5750.75
4.20652400284299,0.160107564201036,25.2948831221409,0.159,4.299,5766.829
4.20618697313424,0.16137562517552,25.2898124781799,0.159,4.299,5782.875
4.20648507960826,0.163650864630076,25.2780559315715,0.159,4.299,5798.969
4.20661998400645,0.164023653365387,25.2793965894348,0.159,4.299,5815.157
4.20619324620446,0.147891335885899,25.2657099023122,0.148,4.294,5831.407
4.20600634139851,0.151661774089206,25.2554014983842,0.148,4.294,5847.532
4.20602036902843,0.150409040062732,25.2574491275093,0.148,4.294,5863.579
4.20614456458979,0.150632442370731,25.2420472033202,0.148,4.294,5879.766
4.20599088824566,0.14946159167599,25.2355698099402,0.148,4.294,5895.922
4.20652795976412,0.147347650858299,25.2269559076455,0.148,4.294,5912.344
4.20668383855085,0.149221367523881,25.2297014031099,0.148,4.294,5928.688
4.20605510435093,0.138118855036283,25.212471970106,0.137,4.288,5945.282
4.20606158371734,0.13841895822074,25.2073565891962,0.137,4.288,5961.907
4.20607878259764,0.141522968309968,25.1989071437478,0.137,4.288,5978.5
4.20570383174132,0.135063423006458,25.1923353433282,0.137,4.288,5995.079
4.20658811522276,0.140489383417129,25.1757895965251,0.137,4.288,6011.813
4.2055601740844,0.12986642139239,25.1744343432595,0.126,4.283,6027.391
4.20582001561021,0.130197365776458,25.1630475766703,0.126,4.283,6042.969
4.20552254779557,0.126693989960988,25.1625313027357,0.126,4.283,6058.344
4.20525095934662,0.127259609075648,25.1562235867432,0.126,4.283,6073.938
4.20574353459341,0.126128467709512,25.1522514673263,0.126,4.283,6089.438
4.20575163923516,0.12518305296413,25.135682893561,0.126,4.283,6105.063
4.20587619517891,0.125083475890095,25.1343824139505,0.125,4.283,6120.813
4.20642554225029,0.128278998209909,25.1290979871653,0.125,4.283,6136.422
4.20628554639306,0.124848099445907,25.1172751628754,0.125,4.283,6152.297
4.20631117572197,0.126778204158499,25.1148494147281,0.125,4.283,6168.11
4.20629211551664,0.126548829359772,25.1059768592019,0.125,4.283,6183.985
4.20612215482584,0.12166512290113,25.1044763151895,0.125,4.283,6199.938
4.20652861948445,0.125539896490261,25.0922782065811,0.123,4.283,6215.891
4.20659740787981,0.127942370874621,25.0820527630224,0.123,4.283,6231.657
4.20591585683624,0.115995704100479,25.076171905691,0.114,4.278,6247.594
4.20601201376856,0.113174224524452,25.077721298054,0.114,4.278,6263.797
4.20617786310153,0.114975811659851,25.0756060443923,0.114,4.278,6280.047
4.20606192940791,0.118363973542845,25.063704807702,0.114,4.278,6296.313
4.20634461681922,0.117377336338758,25.0485030096234,0.112,4.278,6312.579
4.2063735980362,0.115275525219499,25.0536042843751,0.114,4.278,6328.938
4.20647685539451,0.116794693198718,25.0456858374266,0.112,4.278,6345.125
4.20654274169436,0.113512454095628,25.0449231259644,0.112,4.278,6361.375
4.20690939310006,0.113626399758062,25.0449291287523,0.112,4.278,6377.641
4.20667069486337,0.115121588690843,25.0334528046479,0.112,4.278,6394
4.2068551265898,0.114311929558127,25.0258783161558,0.112,4.278,6410.313
4.2070276143195,0.113770411940054,25.0160015448399,0.111,4.278,6426.891
4.20708498918213,0.112426255640078,25.011531905244,0.111,4.278,6443.438
4.20735881947409,0.111179141882066,24.998191719285,0.111,4.278,6459.907
4.20771028291089,0.11506245281332,24.9936305763635,0.111,4.278,6476.422
4.20672660882162,0.102255055914079,24.9841946044547,0.102,4.272,6493.11
4.20626375339496,0.0964113422692097,24.9830032127828,0.092,4.267,6509.797
4.20565777421215,0.0930057195411917,24.9809219833535,0.092,4.267,6526.454
4.20579969127751,0.0934753509309318,24.9739516681037,0.092,4.267,6543.36
4.2058206257688,0.0946605187897047,24.9787982425664,0.091,4.267,6560.25
4.20627780962401,0.0943373278053956,24.9749612536478,0.092,4.267,6576.969
4.20597527544145,0.0946761888020517,24.9729274299906,0.091,4.267,6593.969
4.20629326017835,0.0911432414466223,24.9667763365043,0.091,4.267,6611
4.20598177584973,0.0925582339361463,24.9666020308185,0.091,4.267,6628.063
4.20599971580214,0.0916869575871581,24.954719853711,0.091,4.267,6645.063
4.20632837449604,0.0943904242450218,24.9478650290416,0.091,4.267,6662.313
4.20590148965752,0.0870444574770736,24.9488254987189,0.091,4.267,6679.344
4.20654481841241,0.0916676711480146,24.9400944746055,0.091,4.267,6696.485
4.2065408197078,0.0929183985216745,24.9488670222125,0.091,4.267,6713.672
4.20674147396632,0.0920996544454393,24.9256307535866,0.089,4.267,6731.047
4.20590098426116,0.0800382685475412,24.9208820149874,0.08,4.261,6748.454
4.20604754115546,0.0794249368079793,24.9200130376869,0.08,4.261,6765.922
4.20579473043769,0.0807869742286909,24.917537161907,0.08,4.261,6783.25
4.20579397394949,0.0813675462259452,24.9070209462635,0.08,4.261,6800.829
4.205879102529,0.0821556552071006,24.9154403001795,0.08,4.261,6818.344
4.20625973775198,0.0831353208222354,24.906547382429,0.08,4.261,6836.047
4.20597628997866,0.0783344831763991,24.9077438931433,0.08,4.261,6853.875
4.2061408233267,0.0801363138735295,24.8975872395897,0.08,4.261,6871.672
4.20637586429783,0.0805006654797026,24.8851921177854,0.08,4.261,6889.454
4.20641359142411,0.0827741038140618,24.8951625773158,0.079,4.261,6907.235
4.20635041910346,0.0830371781526845,24.8916794991422,0.079,4.261,6924.969
4.20629320458108,0.0809307675057553,24.8887248794275,0.079,4.261,6942.922
4.20631896057246,0.0771891029883672,24.8658774697133,0.079,4.261,6960.985
4.20672910325596,0.0809258909120778,24.8690111716126,0.079,4.261,6979.11
4.20551034904166,0.0675489670525844,24.8653122996957,0.069,4.256,6997.282
4.20554136057324,0.0703146538849627,24.864699257072,0.069,4.256,7015.391
4.20586391688319,0.0710784208241138,24.8587640740161,0.069,4.256,7032.313
4.20603002633274,0.069914678132376,24.8597953039603,0.069,4.256,7049.391
4.2056558995853,0.0697057343747592,24.8523998970989,0.069,4.256,7066.5
4.20597469011113,0.0690346993142342,24.8482832308602,0.069,4.256,7083.672
4.20597653552912,0.0709232032564493,24.8560804670986,0.069,4.256,7100.547
4.20610593947362,0.0696389033159048,24.8406774690654,0.068,4.256,7117.719
4.20611357786175,0.0719846273099864,24.8485612585901,0.068,4.256,7135
4.20623876533368,0.0725696163490159,24.8375114736179,0.068,4.256,7152.375
4.20633270223375,0.0694128245194487,24.8303506763472,0.068,4.256,7169.688
4.20624758364906,0.06743410421836,24.8200451674852,0.068,4.256,7187.157
4.20632244511413,0.0698783804877441,24.8111956068848,0.068,4.256,7204.625
4.2064163412878,0.06894505961867,24.8175738596465,0.068,4.256,7222.141
4.20665214542806,0.0683160977246823,24.8046676554379,0.068,4.256,7239.625
4.20584558086649,0.0607568095540551,24.8106848306082,0.058,4.25,7257.204
4.2059001164708,0.0562648880594383,24.8145998306242,0.058,4.25,7274.75
4.2058788764171,0.0590884983004024,24.8043328873679,0.058,4.25,7292.25
4.2056458235837,0.0598336292512938,24.7999613696745,0.058,4.25,7309.985
4.20582361209198,0.0580527912637836,24.7917397625664,0.058,4.25,7327.485
4.20590992692836,0.0589301726939135,24.7920790107709,0.058,4.25,7345.016
4.20571526770016,0.0567491288934908,24.7879171375012,0.058,4.25,7362.797
4.20563068251205,0.0537870072497797,24.7841792294069,0.058,4.25,7380.625
4.20604446899962,0.0589908320875248,24.7882929463095,0.057,4.25,7398.61
4.20570955256395,0.0546668652710095,24.7841643244862,0.058,4.25,7416.594
4.20613264335392,0.0586267398420432,24.7820335540326,0.057,4.25,7434.594
4.20596433072055,0.0596550711948401,24.7876817541907,0.057,4.25,7452.719
4.20635908749485,0.0603575468143437,24.7870159963837,0.057,4.25,7470.86
4.20647282204931,0.0565768540158418,24.7717927150431,0.057,4.25,7488.688
4.20624519247871,0.0603938249520755,24.7705684636467,0.057,4.25,7506.954
4.20614271131298,0.0550645330982257,24.7707004189354,0.057,4.25,7525.204
4.20630298348182,0.0567227826681183,24.7634971107982,0.057,4.25,7543.422
4.20623397203614,0.0575743035107793,24.7566217558349,0.057,4.25,7561.766
4.20626329477074,0.0581213925422672,24.760347510973,0.057,4.25,7580.141
4.20667073447565,0.0575670535416114,24.7478623154956,0.055,4.25,7598.563
4.2058385717413,0.0492156435093584,24.7451116589497,0.046,4.245,7617.094
4.20561277272269,0.0462372276966633,24.742315216787,0.046,4.245,7635.547
4.20573967982514,0.048329881001232,24.7414169004789,0.046,4.245,7654.094
4.20582504165698,0.0494082415774976,24.7456421055293,0.047,4.245,7672.672
4.20565564596423,0.0463145700478112,24.7366281882369,0.046,4.245,7691.282
4.2057463078539,0.0428607494771043,24.7296656241343,0.046,4.245,7710
4.20556048779885,0.0467505777231439,24.7265021218606,0.046,4.245,7728.735
4.20600726511099,0.0487609399524383,24.7343787501054,0.046,4.245,7747.516
4.20580819376232,0.045139135295835,24.7356523760238,0.046,4.245,7766.297
4.20609558513179,0.0470757680259438,24.7353382885962,0.046,4.245,7785.219
4.20567736715507,0.0486578384451819,24.7342325103992,0.046,4.245,7804.11
4.20580569883241,0.0485851595102802,24.726561171242,0.046,4.245,7823.141
4.20602158856107,0.0480948099371422,24.7263637192145,0.046,4.245,7842.266
4.20638769131488,0.0474731050504231,24.7295565161214,0.046,4.245,7861.36
4.20591039433741,0.0427146515089286,24.7161154220329,0.046,4.245,7880.547
4.20597410699917,0.0458673419551414,24.7037737380763,0.046,4.245,7899.704
4.20607002992266,0.0457026158078717,24.7081003015737,0.046,4.245,7918.938
4.20579779065393,0.0452746748315614,24.7144211255405,0.046,4.245,7938.235
4.20639093846391,0.0436721817226343,24.7048559084722,0.045,4.245,7957.547
4.20639624020895,0.0438291948789348,24.7030234738044,0.045,4.245,7976.969
4.20665543120585,0.0466014151874498,24.7003083141727,0.045,4.245,7996.266
4.20567326954355,0.0368063424157953,24.697909293414,0.035,4.24,8015.829
4.20550360742812,0.0356269052351224,24.7023207378718,0.035,4.24,8033.969
4.20549562951023,0.0365655834304468,24.6934010539385,0.035,4.24,8052.36
4.20577251870024,0.0358690593278618,24.6934683274125,0.035,4.24,8070.782
4.20530206439049,0.0359480091604107,24.6928997023717,0.035,4.24,8089.219
4.20535792698611,0.0379456212735186,24.6929293622705,0.035,4.24,8107.704
4.20539890731496,0.0382678987137227,24.7001709623047,0.035,4.24,8126.266
4.2055671289405,0.0357250142879993,24.6911425990031,0.035,4.24,8144.844
4.20560872676133,0.034710379186885,24.6796476280904,0.035,4.24,8163.516
4.20550223736871,0.0359173718901421,24.6761088015503,0.035,4.24,8182.235
4.20552033671674,0.0363445969947448,24.6684426564047,0.035,4.24,8200.969
4.20565139462488,0.0352953778144765,24.6719073024003,0.035,4.24,8219.782
4.2056843406204,0.0352237975058919,24.6711864733278,0.035,4.24,8238.625
4.20571774480751,0.0357615320871333,24.6631392559167,0.035,4.24,8257.438
4.20554443447006,0.0376450693908548,24.6630191324371,0.035,4.24,8276.297
4.20559609339111,0.0356275435460928,24.6646979421577,0.035,4.24,8295.329
4.2056434592112,0.0368494128558422,24.6672120799621,0.035,4.24,8314.297
4.20589830071633,0.0355963270345102,24.6641552063968,0.035,4.24,8333.329
4.20573139562353,0.0345949588782009,24.656714248247,0.034,4.24,8352.485
4.20588694408378,0.0354715853489631,24.6525358341295,0.034,4.24,8371.641
4.20562372424684,0.0350112585536255,24.6499508575149,0.034,4.24,8390.86
4.20555600786882,0.033627412359651,24.6485826959669,0.034,4.24,8410.188
4.20606880334217,0.0337270564904067,24.6612514824065,0.034,4.24,8429.547
4.20608523912558,0.0291310898382706,24.6567311536428,0.034,4.24,8448.985
4.20576359280906,0.0371299667631788,24.6555211682968,0.034,4.24,8468.469
4.20579151938735,0.0335765530210271,24.6471399699347,0.034,4.24,8487.86
4.20616301389919,0.0348682975329126,24.6462100549485,0.034,4.24,8507.282
4.20595064301946,0.0323017188674884,24.6374754927473,0.034,4.24,8526.797
4.20605034387995,0.0337287897884667,24.6391760067209,0.034,4.24,8546.36
4.20616642337716,0.0338562913580622,24.6409060384698,0.034,4.24,8565.985
4.20615314876516,0.0337901956436771,24.6501982768979,0.034,4.24,8585.657
4.20608585454111,0.0311736627069777,24.637716964155,0.034,4.24,8605.375
4.20609069645754,0.0373465716626067,24.6404962345325,0.034,4.24,8625.125
4.20641535459405,0.0340777774565291,24.6359165955482,0.034,4.24,8644.969
4.20643673220214,0.0364524820525219,24.6368810933993,0.034,4.24,8664.813
4.20651265524965,0.0348304190685164,24.6288160749102,0.034,4.24,8684.766
4.20639430010577,0.0337279063876573,24.6335547787306,0.034,4.24,8704.735
4.20658443068448,0.0330726078768601,24.6242114494583,0.034,4.24,8724.782
4.20642810744612,0.0338754829012963,24.6268050934212,0.032,4.24,8744.875
4.20681542413826,0.034940505346843,24.6180708059492,0.032,4.24,8764.969
4.20677317952959,0.0337105302594137,24.6210206077904,0.032,4.24,8785.141
4.2067995296568,0.0356623954594826,24.6212579435705,0.032,4.24,8805.344
4.20683971175841,0.0323961368293411,24.6220567343108,0.032,4.24,8825.594
4.20671899439423,0.0341721081454458,24.6119768134664,0.032,4.24,8845.829
4.20673476098318,0.0323064389835374,24.6127342057521,0.032,4.24,8866.094
4.20693611518698,0.0330535325089656,24.6140494723188,0.032,4.24,8886.422
4.20715326859039,0.0347303708719851,24.6144527079347,0.032,4.24,8906.766
4.20706457366406,0.0328865272609489,24.6099705069332,0.032,4.24,8927.141
4.20712023488992,0.0336813421291616,24.6071961541119,0.032,4.24,8947.375
4.20699006038103,0.0315922365731289,24.6111088801091,0.032,4.24,8967.829
4.20691333129296,0.0307089524370758,24.5990578682339,0.031,4.24,8988.329
4.20693579557408,0.0355884935578713,24.6052502278827,0.031,4.24,9008.844
4.20703320834548,0.0308939638525328,24.5978166010999,0.031,4.24,9028.188
4.20698735861119,0.0331509608050227,24.6063320628118,0.031,4.24,9047.579
4.20715835020298,0.029938138844271,24.5967814139427,0.031,4.24,9067.016
4.20729295960067,0.0319801148401401,24.6003746613567,0.031,4.24,9086.5
4.20733882376905,0.0325189594862651,24.588334332874,0.031,4.24,9106.047
4.20698533331238,0.035245892706549,24.603281885554,0.031,4.24,9125.61
4.20732247786785,0.0300782554573121,24.5972468724142,0.031,4.24,9145.25
4.20768122429214,0.0304055210663226,24.6009793597681,0.031,4.24,9164.782
4.20686313335333,0.0215302405759623,24.5978910160632,0.021,4.234,9184.5
4.20583404746334,0.0137151140533662,24.6011829568848,0.012,4.229,9204.125
4.13075207934629,0.00117575923499535,24.9278388423293,-0.002,0.003,9223.954
4.16590465640754,-0.00356367696163883,25.2131199211684,0,0.003,9243.672
4.17470853366144,-0.00238659722439406,25.2339698453608,-0.002,0.003,9263.547
4.17918860100903,-0.00124362765013353,25.2239050756603,0,0.003,9283.422
4.18204043861968,-0.00458885261270976,25.205285208879,0,0.003,9303.344
4.18389697191742,-0.00150903891612625,25.1794812013121,0,0.003,9323.219
4.18513204787961,-0.00110160039043929,25.1599268551465,0,0.003,9343.094
4.18587476292457,-0.00471942562718125,25.1493683708702,0,0.003,9363.125
4.18672001848316,-0.0020289070828269,25.1286408895121,0,0.003,9383.329
4.18719966827793,-0.00131542677907416,25.1012810414458,0,0.003,9403.469
4.18747858067005,-0.00225445650716594,25.0949638998871,0,0.003,9423.75
4.18780246765139,-0.000743264391862331,25.0724289961611,0,0.003,9443.766
4.18826782973721,-0.00203015979472732,25.0668890559171,0,0.003,9464.172
4.18849185367379,-0.00283369332473015,25.0600401003825,0,0.003,9484.375
4.18838912864003,-0.00298656753013103,25.0461197109055,0,0.003,9504.797
4.18882044386606,-0.00109974065902716,25.0334176541489,0,0.003,9525.25
4.18876992401129,-0.00354962892052963,25.0173279467283,0,0.003,9545.813
4.18889288733945,-0.00258800942573875,25.0130323748059,-0.002,0.003,9566.297
4.18910818568153,0.00186243291258503,25.0043150580301,0,0.003,9586.875
