Voltages,Currents,Temperatures,Charge Currents,Charge Voltages,Time step
3.6478423,-0.0013496298,30.376779,-0.002,0.003,0
3.3415713,-3.78389,30.359498,-3.772,1.506,2.563
3.7491937,1.5101368,30.354711,1.5,4.488,5.563
3.7606291,1.5122595,30.364194,1.5,4.504,8.391
3.7683701,1.5095712,30.353359,1.498,4.515,11.235
3.7748841,1.5096455,30.343803,1.498,4.521,14.079
3.7801031,1.5111512,30.321711,1.498,4.526,16.969
3.7844905,1.5111693,30.297275,1.498,4.531,19.813
3.7884275,1.510472,30.270618,1.498,4.531,22.672
3.7922088,1.5110126,30.240738,1.498,4.537,25.563
3.7957064,1.5105284,30.215723,1.5,4.542,28.422
3.7987044,1.5097979,30.191467,1.5,4.542,31.266
3.8016497,1.5093014,30.17284,1.5,4.548,34.188
3.8041454,1.5107484,30.140747,1.5,4.548,37.079
3.8062533,1.5046044,30.115132,1.498,4.553,39.938
3.8082276,1.5062665,30.08208,1.498,4.553,42.813
3.810155,1.5101969,30.06016,1.498,4.553,45.672
3.8117485,1.5106523,30.028866,1.498,4.558,48.563
3.8134111,1.5101413,30.001318,1.498,4.558,51.454
3.8149137,1.5110965,29.978876,1.5,4.558,54.329
3.8162843,1.5106369,29.953138,1.498,4.558,57.204
3.8173655,1.5113056,29.929676,1.498,4.558,60.094
3.8182278,1.5082208,29.899578,1.5,4.564,63.047
3.8192728,1.5118352,29.877028,1.5,4.564,65.954
3.8204019,1.509914,29.863142,1.5,4.564,68.829
3.8214125,1.5146011,29.833921,1.5,4.564,71.719
3.8221111,1.5127112,29.810019,1.498,4.569,74.625
3.8231544,1.5096942,29.77436,1.5,4.569,77.532
3.8237339,1.5138446,29.760647,1.498,4.569,80.438
3.8245619,1.5129797,29.729927,1.498,4.569,83.422
3.8251684,1.5112169,29.709204,1.5,4.569,86.344
3.8260912,1.5075413,29.693763,1.498,4.569,89.25
3.8264765,1.5088075,29.670726,1.5,4.569,92.25
3.826875,1.5103291,29.645341,1.5,4.575,95.188
3.8278261,1.5108485,29.628794,1.498,4.575,98.11
3.8285486,1.5081357,29.607997,1.498,4.569,101.11
3.8291526,1.5085927,29.592876,1.5,4.575,104.063
3.8298247,1.5094083,29.575317,1.5,4.575,107
3.8302661,1.5131972,29.550203,1.5,4.575,109.985
3.8310468,1.5079273,29.531826,1.498,4.575,112.954
3.8314513,1.5112609,29.509587,1.5,4.575,115.969
3.8321148,1.5115035,29.490125,1.5,4.575,118.938
3.832699,1.5099168,29.46777,1.5,4.58,121.954
3.8335027,1.5080161,29.445708,1.5,4.58,124.985
3.8337655,1.5117494,29.430456,1.498,4.58,127.985
3.8345649,1.5110992,29.412275,1.5,4.58,130.969
3.8353875,1.5051714,29.392598,1.498,4.58,133.969
3.8361339,1.5110019,29.365767,1.5,4.58,136.969
3.8365153,1.5064557,29.356658,1.498,4.58,140
3.8367519,1.5136436,29.339407,1.498,4.58,142.985
3.8377824,1.509622,29.322142,1.5,4.58,146
3.8384289,1.5110296,29.292315,1.498,4.58,149.079
3.839034,1.5095841,29.275857,1.5,4.58,152.125
3.8397415,1.5115893,29.266397,1.498,4.586,155.172
3.8406632,1.5114748,29.239952,1.498,4.586,158.235
3.8412043,1.5110983,29.224292,1.5,4.586,161.313
3.841836,1.5099839,29.20254,1.498,4.586,164.422
3.8423614,1.5111882,29.191115,1.5,4.586,167.485
3.8430633,1.5115931,29.167432,1.498,4.586,170.563
3.8438071,1.5122511,29.147168,1.5,4.586,173.625
3.844458,1.5094628,29.142109,1.498,4.591,176.766
3.845026,1.5094024,29.123143,1.498,4.591,179.922
3.8458291,1.5137243,29.10225,1.5,4.591,183.079
3.8465454,1.5103783,29.101143,1.5,4.591,186.188
3.8473753,1.5101547,29.076275,1.5,4.591,189.313
3.8480045,1.512887,29.057884,1.5,4.591,192.454
3.8487292,1.510949,29.045361,1.498,4.591,195.563
3.8489974,1.5087725,29.023303,1.498,4.591,198.719
3.8500076,1.5120215,29.003073,1.498,4.596,201.907
3.8509421,1.5106568,28.984937,1.5,4.596,205.063
3.8513103,1.5111837,28.976958,1.498,4.596,208.204
3.8521276,1.5128965,28.958757,1.498,4.596,211.36
3.8529309,1.5144131,28.944035,1.498,4.596,214.532
3.8536621,1.5089221,28.927311,1.5,4.596,217.704
3.854466,1.5108537,28.910773,1.5,4.596,220.86
3.8548918,1.5092149,28.890161,1.498,4.596,224.047
3.8554261,1.5117877,28.869429,1.498,4.596,227.235
3.8562087,1.511122,28.848716,1.5,4.602,230.454
3.8568938,1.5121907,28.841339,1.5,4.602,233.688
3.8576705,1.5107739,28.822531,1.5,4.602,236.969
3.858229,1.5119687,28.806634,1.5,4.602,240.219
3.8588441,1.5092951,28.783659,1.498,4.602,243.454
3.8597803,1.5109554,28.773617,1.5,4.602,246.766
3.8602807,1.5109822,28.758919,1.5,4.602,250.032
3.8609375,1.5087907,28.736863,1.5,4.602,253.282
3.8618123,1.5100995,28.7309,1.5,4.602,256.594
3.8625463,1.5080046,28.721714,1.5,4.607,259.922
3.8631641,1.5093386,28.701068,1.5,4.607,263.204
3.8635728,1.5096147,28.685968,1.5,4.607,266.532
3.8644918,1.5123711,28.67057,1.498,4.607,269.844
3.8651864,1.5067773,28.651339,1.5,4.607,273.172
3.8659066,1.5128897,28.639205,1.5,4.607,276.547
3.8665023,1.5138297,28.624335,1.5,4.607,279.907
3.8673609,1.5079752,28.610803,1.498,4.607,283.282
3.8680119,1.5116279,28.592933,1.5,4.613,286.672
3.8686532,1.5097742,28.572066,1.498,4.613,290.016
3.8693847,1.5112502,28.559863,1.498,4.613,293.407
3.8699104,1.5098174,28.552784,1.5,4.613,296.813
3.8709227,1.5116904,28.541493,1.5,4.613,300.25
3.8714334,1.5109374,28.524834,1.5,4.613,303.719
3.8722027,1.5077519,28.514168,1.5,4.613,307.204
3.8726466,1.5133528,28.489947,1.498,4.613,310.657
3.8732177,1.5177558,28.476966,1.498,4.613,314.172
3.873786,1.5106515,28.468285,1.498,4.618,317.688
3.874972,1.512223,28.451836,1.498,4.618,321.157
3.8755502,1.5101709,28.440446,1.5,4.618,324.625
3.8761974,1.5111116,28.417022,1.5,4.618,328.094
3.8769679,1.5108996,28.401955,1.498,4.618,331.579
3.8775153,1.5075547,28.394761,1.498,4.623,335.063
3.8781867,1.51311,28.373319,1.498,4.623,338.579
3.8786434,1.5098951,28.358462,1.5,4.623,342.125
3.8795485,1.5087288,28.351412,1.5,4.623,345.735
3.8802567,1.5112259,28.338187,1.5,4.623,349.282
3.8808535,1.5086901,28.321998,1.5,4.623,352.844
3.8816942,1.5110653,28.308777,1.498,4.623,356.454
3.8822651,1.509972,28.293832,1.5,4.623,360.047
3.8829329,1.5086435,28.285091,1.5,4.623,363.672
3.8837592,1.510651,28.265607,1.498,4.623,367.266
3.8843603,1.5111559,28.249982,1.5,4.623,370.922
3.884963,1.5108372,28.248622,1.498,4.623,374.625
3.8853329,1.5105821,28.23113,1.498,4.629,378.25
3.8861113,1.513143,28.216171,1.5,4.629,381.922
3.8871253,1.508343,28.192355,1.498,4.629,385.641
3.8875882,1.5130613,28.185574,1.498,4.629,389.36
3.8882105,1.5105133,28.183009,1.5,4.629,393.063
3.8888889,1.5119425,28.167258,1.498,4.629,396.782
3.8894032,1.5114928,28.154916,1.5,4.629,400.532
3.8904876,1.511547,28.136769,1.5,4.629,404.266
3.8909997,1.5089522,28.12672,1.498,4.634,408.016
3.8915153,1.5110487,28.103753,1.5,4.634,411.782
3.8922334,1.5114917,28.094805,1.5,4.634,415.563
3.8929215,1.5099703,28.073406,1.5,4.634,419.329
3.8935477,1.509306,28.072242,1.5,4.634,423.125
3.8943875,1.5130679,28.050936,1.5,4.634,426.938
3.8951998,1.514402,28.03093,1.498,4.634,430.797
3.8956326,1.5111376,28.025659,1.498,4.64,434.641
3.8962264,1.5112766,28.010609,1.498,4.64,438.485
3.8970129,1.511811,28.000567,1.5,4.64,442.344
3.8979522,1.5103487,27.992218,1.498,4.64,446.282
3.8986488,1.5144448,27.9826,1.498,4.64,450.204
3.8985974,1.5113375,27.964886,1.5,4.64,454.157
3.8994538,1.5095198,27.945663,1.5,4.64,458.094
3.9003501,1.5118329,27.941805,1.5,4.64,462.047
3.9010139,1.5087898,27.9311,1.498,4.64,465.985
3.9014709,1.5103355,27.915172,1.5,4.64,469.985
3.9023719,1.5120194,27.901982,1.5,4.645,474
3.9029914,1.5097251,27.897035,1.5,4.645,478
3.9034379,1.5115594,27.88773,1.498,4.645,482.032
3.9042237,1.5116144,27.869221,1.498,4.645,486.094
3.9049449,1.5121145,27.85948,1.5,4.645,490.188
3.9054825,1.5129477,27.842653,1.5,4.645,494.297
3.9061784,1.515806,27.835683,1.498,4.645,498.375
3.9068365,1.5137499,27.82406,1.5,4.645,502.454
3.9072995,1.5124326,27.81713,1.5,4.65,506.563
3.9078088,1.5075587,27.800187,1.5,4.65,510.672
3.9087905,1.510861,27.783955,1.5,4.65,514.797
3.9091041,1.5096338,27.768311,1.498,4.65,518.938
3.9099324,1.5091425,27.770473,1.498,4.65,523.157
3.9105251,1.5133875,27.754715,1.498,4.65,527.313
3.9111993,1.5097076,27.740347,1.498,4.65,531.5
3.9116356,1.509646,27.724136,1.5,4.65,535.766
3.9122655,1.5108848,27.712038,1.498,4.65,540
3.913016,1.5105603,27.702887,1.5,4.656,544.25
3.9133613,1.509292,27.694581,1.5,4.656,548.485
3.9140119,1.5102366,27.678916,1.5,4.656,552.782
3.9146098,1.5108667,27.672962,1.5,4.656,557.047
3.9150811,1.5091003,27.657243,1.5,4.656,561.375
3.9157124,1.5132949,27.648204,1.5,4.656,565.688
3.9161896,1.5098676,27.634963,1.498,4.656,570.063
3.9167991,1.509855,27.624548,1.5,4.656,574.469
3.9175213,1.5113492,27.616764,1.5,4.656,578.891
3.9177059,1.5114721,27.596207,1.5,4.661,583.297
3.9185532,1.5089183,27.583399,1.5,4.661,587.704
3.9190864,1.5092431,27.566315,1.498,4.661,592.094
3.9193947,1.5104799,27.55847,1.5,4.661,596.516
3.9197362,1.5086632,27.548178,1.5,4.661,600.954
3.920342,1.5115757,27.542163,1.5,4.661,605.407
3.921131,1.5107693,27.529526,1.5,4.661,609.954
3.9214591,1.5098404,27.525914,1.5,4.661,614.469
3.9220877,1.5083606,27.513939,1.5,4.661,618.969
3.9225357,1.509315,27.496074,1.498,4.661,623.516
3.922954,1.5098135,27.48675,1.498,4.661,628.047
3.9235444,1.5112744,27.477442,1.498,4.661,632.625
3.924001,1.5104623,27.47001,1.498,4.661,637.188
3.9244266,1.5099749,27.457181,1.498,4.667,641.829
3.9250965,1.5113364,27.448494,1.5,4.667,646.454
3.9256653,1.5111273,27.437778,1.498,4.667,651.11
3.925685,1.5091324,27.424158,1.5,4.667,655.797
3.9265107,1.512647,27.416569,1.498,4.667,660.5
3.9269523,1.5126502,27.407502,1.5,4.667,665.188
3.9274632,1.5084326,27.402779,1.5,4.667,669.907
3.9278448,1.5119838,27.378594,1.498,4.667,674.641
3.9282593,1.5090036,27.37673,1.5,4.667,679.375
3.928704,1.5092265,27.362297,1.5,4.667,684.141
3.9294295,1.510126,27.365985,1.498,4.667,688.938
3.9296299,1.5093881,27.356782,1.5,4.672,693.782
3.9304345,1.5113049,27.346857,1.5,4.672,698.579
3.9305641,1.5126915,27.337237,1.498,4.672,703.422
3.9310552,1.5126565,27.321875,1.498,4.672,708.282
3.9313935,1.5128499,27.309598,1.5,4.672,713.141
3.9320756,1.5116926,27.310498,1.5,4.672,718.032
3.9325053,1.5093364,27.299479,1.498,4.672,723
3.9328592,1.5117638,27.289399,1.5,4.672,727.969
3.9332414,1.5125676,27.281657,1.498,4.672,732.907
3.9336719,1.5119176,27.277033,1.498,4.672,737.875
3.93406,1.5101449,27.26358,1.5,4.672,742.891
3.9347869,1.5109857,27.261389,1.498,4.672,747.907
3.9352015,1.5091516,27.250607,1.498,4.672,752.985
3.935353,1.5116738,27.242026,1.5,4.672,758.063
3.9359358,1.5113725,27.235809,1.498,4.677,763.157
3.9363289,1.5147468,27.233821,1.498,4.677,768.282
3.9368651,1.5078427,27.223227,1.5,4.677,773.438
3.9373087,1.5117763,27.22351,1.5,4.677,778.563
3.9376958,1.5079322,27.216464,1.498,4.677,783.782
3.9380637,1.5103003,27.200428,1.498,4.677,788.954
3.9385629,1.5094338,27.197558,1.5,4.677,794.157
3.9392126,1.5097975,27.183836,1.498,4.677,799.344
3.9395685,1.5086718,27.184755,1.5,4.677,804.579
3.9399616,1.5120696,27.176784,1.5,4.677,809.86
3.940644,1.5080537,27.163744,1.5,4.683,815.172
3.940934,1.5098226,27.16206,1.498,4.683,820.516
3.9412854,1.5091375,27.163007,1.5,4.683,825.844
3.9419479,1.5094427,27.148839,1.5,4.683,831.204
3.942478,1.5117333,27.146239,1.5,4.683,836.563
3.9425373,1.5123899,27.144958,1.498,4.683,841.907
3.9432098,1.5108731,27.133943,1.5,4.683,847.297
3.9438417,1.5093158,27.128236,1.5,4.683,852.735
3.9438716,1.5103843,27.119903,1.498,4.683,858.219
3.9446062,1.5121452,27.122122,1.5,4.683,863.688
3.9451314,1.50829,27.112425,1.5,4.683,869.219
3.9455572,1.5091295,27.110465,1.498,4.683,874.735
3.9461186,1.5088317,27.098312,1.5,4.683,880.329
3.9467184,1.5124664,27.08493,1.5,4.688,885.891
3.9470963,1.5103576,27.085144,1.5,4.688,891.485
3.9474779,1.5099507,27.081266,1.498,4.688,897.11
3.9479473,1.5084865,27.090907,1.5,4.688,902.719
3.9487316,1.5099292,27.089202,1.5,4.688,908.36
3.9490731,1.5087965,27.068047,1.498,4.688,914.032
3.9495214,1.513133,27.068169,1.5,4.688,919.719
3.9498935,1.5091591,27.055058,1.5,4.688,925.454
3.9502485,1.5129418,27.043438,1.5,4.688,931.235
3.951099,1.5107843,27.048605,1.498,4.688,937
3.9517083,1.5069702,27.043832,1.498,4.688,942.813
3.951972,1.5138633,27.042401,1.498,4.694,948.594
3.9525908,1.51027,27.040437,1.5,4.694,954.438
3.9533484,1.5146562,27.034409,1.5,4.694,960.266
3.953551,1.5119602,27.035496,1.5,4.694,966.172
3.9540592,1.5138721,27.027712,1.498,4.694,972.11
3.9550253,1.507829,27.025623,1.498,4.694,978.047
3.9552409,1.5115631,27.015717,1.498,4.694,984
3.9559509,1.5091646,27.019299,1.498,4.694,989.969
3.9559776,1.5169178,27.027448,1.498,4.694,996.047
3.9570141,1.5095796,27.012855,1.5,4.694,1002.079
3.9574917,1.5089842,27.01156,1.498,4.699,1008.11
3.9580798,1.5132372,27.010082,1.5,4.699,1014.204
3.9586193,1.5151583,26.998733,1.498,4.699,1020.266
3.9587918,1.51366,27.007128,1.498,4.699,1026.344
3.9595887,1.5117759,27.004774,1.5,4.699,1032.485
3.960181,1.5092694,27.001579,1.498,4.699,1038.672
3.9606708,1.5084291,26.999017,1.498,4.699,1044.813
3.9613193,1.5106588,26.99503,1.5,4.699,1051.032
3.9619795,1.5064768,26.995966,1.498,4.699,1057.266
3.9625563,1.5070859,26.993627,1.5,4.704,1063.532
3.9630803,1.5117451,26.991414,1.498,4.704,1069.813
3.9636616,1.5100109,27.002277,1.5,4.704,1076.125
3.9644757,1.509302,26.993342,1.5,4.704,1082.454
3.9646932,1.5128904,26.987123,1.498,4.704,1088.86
3.9652138,1.5091302,26.995644,1.5,4.704,1095.204
3.9659803,1.5120573,26.987302,1.498,4.704,1101.579
3.9666413,1.5098197,26.987026,1.498,4.704,1108.032
3.9672623,1.509349,26.992674,1.5,4.704,1114.469
3.96783,1.5115843,26.991923,1.5,4.704,1120.922
3.9682916,1.5097119,26.984997,1.5,4.704,1127.532
3.969053,1.5125055,26.999132,1.5,4.71,1134.032
3.9693002,1.5089185,26.98704,1.498,4.71,1140.579
3.9699532,1.5085667,26.996409,1.5,4.71,1147.172
3.9707185,1.5124894,26.998248,1.498,4.71,1153.86
3.9714028,1.5093815,26.999384,1.5,4.71,1160.485
3.9720473,1.5089485,27.003083,1.5,4.71,1167.141
3.97272,1.5116665,27.000103,1.5,4.71,1173.829
3.9732127,1.5082218,26.997118,1.5,4.71,1180.563
3.9740429,1.5151356,26.992161,1.498,4.715,1187.297
3.9744919,1.5114066,26.996167,1.5,4.715,1194.032
3.9750505,1.5091423,26.993531,1.5,4.715,1200.813
3.9756576,1.5095573,27.002231,1.5,4.715,1207.625
3.976469,1.5097293,27.004472,1.5,4.715,1214.5
3.9769688,1.5112397,27.012215,1.498,4.715,1221.422
3.9775931,1.5140705,27.013617,1.5,4.715,1228.297
3.9778447,1.5112811,27.021567,1.498,4.715,1235.188
3.9786934,1.5120391,27.023743,1.498,4.715,1242.125
3.979456,1.5111966,27.01814,1.5,4.721,1249.11
3.9798837,1.5114425,27.02999,1.498,4.721,1256.157
3.980417,1.5106665,27.017078,1.498,4.721,1263.172
3.9814055,1.5147213,27.028005,1.498,4.721,1270.235
3.9820582,1.5093238,27.033158,1.498,4.721,1277.297
3.9824972,1.51204,27.033089,1.5,4.721,1284.391
3.983343,1.5113582,27.035716,1.498,4.721,1291.532
3.9836889,1.510259,27.043732,1.5,4.726,1298.688
3.984626,1.5096458,27.042424,1.498,4.726,1305.907
3.9849068,1.5108523,27.04727,1.498,4.726,1313.094
3.9857837,1.5092111,27.056965,1.5,4.726,1320.36
3.986423,1.5115932,27.060561,1.498,4.726,1327.672
3.9869087,1.5100364,27.068818,1.5,4.726,1334.938
3.9878738,1.5111251,27.071085,1.498,4.726,1342.297
3.9884588,1.5110787,27.073267,1.5,4.726,1349.657
3.9889347,1.5086033,27.075882,1.5,4.726,1357.016
3.9897249,1.5093863,27.08834,1.5,4.726,1364.407
3.9903224,1.5126799,27.08536,1.498,4.731,1371.875
3.9912468,1.5103121,27.09678,1.5,4.731,1379.407
3.9918867,1.512937,27.093893,1.5,4.731,1386.922
3.9923903,1.511057,27.094382,1.498,4.731,1394.438
3.9929865,1.511085,27.098945,1.498,4.731,1401.969
3.9937438,1.5125471,27.101453,1.5,4.731,1409.516
3.9943442,1.5106856,27.114726,1.498,4.731,1417.063
3.9951956,1.5118541,27.110915,1.498,4.731,1424.688
3.9955709,1.5127072,27.119427,1.498,4.737,1432.344
3.9961362,1.5110921,27.122003,1.5,4.737,1439.985
3.9970592,1.5094397,27.130683,1.5,4.737,1447.704
3.9980493,1.5080771,27.135984,1.498,4.737,1455.469
3.9985667,1.5093098,27.13119,1.5,4.737,1463.188
3.9994681,1.5117994,27.13839,1.498,4.737,1470.969
4.0001049,1.512234,27.148524,1.5,4.737,1478.797
4.000686,1.5098411,27.158397,1.498,4.742,1486.719
4.0017111,1.5094507,27.163084,1.5,4.742,1494.594
4.0022346,1.5105313,27.171389,1.5,4.742,1502.5
4.0029044,1.5103136,27.177883,1.498,4.742,1510.36
4.0036979,1.5090589,27.179322,1.5,4.742,1518.313
4.0049263,1.5093415,27.182434,1.498,4.742,1526.204
4.0053502,1.511687,27.196032,1.498,4.742,1534.141
4.0061672,1.5092848,27.197772,1.5,4.748,1542.079
4.0068414,1.5129912,27.196404,1.498,4.748,1550.141
4.0077915,1.5108787,27.210122,1.498,4.748,1558.157
4.0084587,1.5068041,27.214274,1.498,4.748,1566.235
4.008989,1.5110284,27.219142,1.498,4.748,1574.313
4.0099217,1.510197,27.217904,1.498,4.748,1582.422
4.0107481,1.5127245,27.242202,1.498,4.748,1590.594
4.0118674,1.512399,27.245385,1.498,4.753,1598.797
4.0127252,1.5086246,27.255634,1.5,4.753,1607.063
4.0133593,1.5096339,27.259118,1.498,4.753,1615.032
4.0139188,1.5104377,27.26016,1.5,4.753,1623.094
4.0148131,1.5110478,27.273068,1.498,4.753,1631.157
4.0158484,1.511148,27.285507,1.5,4.753,1639.266
4.0166587,1.5109916,27.28746,1.5,4.753,1647.422
4.0175432,1.5087518,27.293678,1.5,4.758,1655.61
4.0185438,1.51049,27.294678,1.498,4.758,1663.813
4.0192119,1.5087104,27.311456,1.498,4.758,1672.032
4.0198987,1.5101391,27.311703,1.5,4.758,1680.313
4.0208973,1.5130128,27.316607,1.498,4.758,1688.563
4.0218232,1.510073,27.337069,1.498,4.758,1696.907
4.0229944,1.5148654,27.341583,1.498,4.764,1705.297
4.0235909,1.5083365,27.346354,1.5,4.764,1713.735
4.0248112,1.5099418,27.355262,1.5,4.764,1722.11
4.0252968,1.5111819,27.358859,1.498,4.764,1730.547
4.0264008,1.5120999,27.36853,1.498,4.764,1739.016
4.0274561,1.5112339,27.375983,1.5,4.764,1747.532
4.0282551,1.5101375,27.387154,1.498,4.769,1756.094
4.0292967,1.5106096,27.387286,1.498,4.769,1764.657
4.029944,1.512465,27.397987,1.498,4.769,1773.266
4.0310866,1.510446,27.404898,1.5,4.769,1781.875
4.0319986,1.5110089,27.411991,1.5,4.769,1790.547
4.0327344,1.5079725,27.419141,1.498,4.775,1799.25
4.034024,1.5115405,27.435495,1.5,4.775,1807.938
4.0349922,1.5123718,27.436832,1.5,4.775,1816.438
4.0357829,1.509316,27.451465,1.5,4.775,1825.016
4.0369332,1.5109303,27.458577,1.498,4.775,1833.547
4.0376697,1.5095108,27.469529,1.5,4.775,1842.157
4.039048,1.5130464,27.471711,1.5,4.78,1850.766
4.0400936,1.5092641,27.486723,1.5,4.78,1859.469
4.0411544,1.509934,27.489681,1.498,4.78,1868.25
4.041538,1.5064269,27.503965,1.498,4.78,1877
4.0429049,1.5092384,27.510973,1.5,4.78,1885.75
4.0440526,1.5125544,27.517374,1.498,4.785,1894.516
4.0449569,1.5091905,27.524904,1.498,4.785,1903.297
4.0462907,1.5088999,27.530321,1.5,4.785,1912.172
4.047033,1.5148783,27.534983,1.5,4.785,1921.016
4.0483331,1.5131521,27.551438,1.498,4.785,1930.016
4.049256,1.5112432,27.558486,1.498,4.791,1938.954
4.0501654,1.510462,27.561874,1.5,4.791,1947.954
4.0518745,1.5113646,27.577325,1.5,4.791,1957.016
4.0527895,1.5086672,27.579979,1.5,4.791,1966.079
4.0540267,1.5099735,27.594613,1.498,4.791,1975.188
4.0551167,1.5085146,27.604713,1.498,4.796,1984.375
4.0560644,1.5093991,27.612247,1.498,4.796,1993.532
4.0574575,1.5097883,27.613771,1.5,4.796,2002.688
4.0583011,1.5106232,27.62507,1.5,4.796,2011.266
4.0595803,1.5115022,27.638098,1.498,4.796,2019.797
4.0606628,1.5106022,27.647932,1.498,4.802,2028.344
4.0618949,1.5127346,27.645374,1.498,4.802,2036.985
4.0630307,1.5120387,27.665413,1.5,4.802,2045.672
4.0638062,1.5105128,27.664971,1.5,4.802,2054.313
4.0649759,1.5098176,27.679491,1.498,4.802,2063.063
4.0664078,1.5095809,27.693426,1.498,4.807,2071.813
4.0673251,1.5097009,27.699359,1.498,4.807,2080.579
4.0686187,1.5117644,27.706716,1.5,4.807,2089.36
4.0695246,1.5055603,27.718437,1.498,4.807,2098.235
4.0709276,1.5128178,27.733,1.5,4.812,2107.079
4.0720745,1.5097945,27.728984,1.498,4.812,2115.969
4.0733726,1.5130211,27.739103,1.498,4.812,2124.938
4.0743934,1.510413,27.755772,1.5,4.812,2133.954
4.0759123,1.5118959,27.759625,1.5,4.812,2143
4.0768441,1.510055,27.774675,1.5,4.818,2152.079
4.0783493,1.5104985,27.779883,1.5,4.818,2161.157
4.0798045,1.5102343,27.779015,1.498,4.818,2170.25
4.0812185,1.511841,27.793062,1.5,4.818,2179.407
4.0819186,1.5093185,27.803578,1.5,4.823,2188.563
4.0841848,1.5143329,27.819831,1.5,4.823,2197.75
4.0850073,1.5138717,27.828397,1.5,4.823,2207
4.0861248,1.5111689,27.837277,1.5,4.829,2216.235
4.0871813,1.5072671,27.850736,1.5,4.829,2225.547
4.0890929,1.5092783,27.854301,1.498,4.829,2234.922
4.0902882,1.5104083,27.864563,1.5,4.829,2244.297
4.0917176,1.5117434,27.874179,1.5,4.834,2253.704
4.092923,1.5100075,27.892968,1.498,4.834,2263.141
4.0944647,1.5081208,27.898355,1.5,4.834,2272.61
4.0958259,1.5098606,27.901704,1.498,4.834,2282.157
4.0969811,1.5116652,27.907574,1.498,4.834,2291.688
4.0986447,1.5106398,27.920216,1.498,4.839,2301.266
4.0999931,1.5120404,27.940042,1.5,4.839,2310.875
4.1016186,1.5121543,27.952742,1.498,4.839,2320.563
4.1030042,1.5132828,27.9576,1.498,4.839,2330.36
4.1043547,1.5147804,27.968547,1.5,4.845,2340.032
4.1061402,1.5134373,27.979155,1.498,4.845,2349.813
4.1077127,1.5096299,27.992405,1.498,4.845,2359.563
4.1093117,1.5072157,28.000028,1.498,4.85,2369.36
4.1105884,1.5085703,28.011566,1.5,4.85,2379.204
4.1122303,1.5090615,28.0194,1.498,4.85,2389.172
4.113836,1.5119363,28.022968,1.5,4.85,2399.016
4.1156932,1.5102187,28.025252,1.5,4.856,2409
4.1169631,1.5081707,28.045977,1.498,4.856,2418.969
4.1181551,1.5121364,28.068777,1.5,4.856,2429.016
4.1202596,1.5103344,28.078035,1.5,4.861,2439.079
4.1220044,1.5095399,28.096235,1.498,4.861,2449.157
4.1234537,1.5121054,28.107465,1.5,4.861,2459.313
4.12506,1.5083373,28.120721,1.5,4.866,2469.485
4.1270649,1.5111546,28.121464,1.5,4.866,2479.688
4.1281648,1.5120886,28.139492,1.498,4.866,2489.922
4.1300538,1.512059,28.151851,1.5,4.872,2500.219
4.1317058,1.5118692,28.162697,1.5,4.872,2509.891
4.133264,1.5103905,28.181036,1.498,4.872,2519.594
4.1346362,1.513132,28.18822,1.498,4.872,2529.329
4.1363309,1.5102604,28.206546,1.498,4.877,2539.016
4.1378836,1.5091237,28.218389,1.498,4.877,2548.829
4.139749,1.509026,28.23378,1.498,4.877,2558.625
4.141386,1.5090984,28.243046,1.5,4.883,2568.5
4.1427631,1.5104478,28.246023,1.5,4.883,2578.344
4.1448467,1.5066365,28.270198,1.498,4.883,2588.219
4.1462202,1.5106859,28.28065,1.498,4.883,2598.266
4.148273,1.5086939,28.301007,1.5,4.888,2608.297
4.1495688,1.5141544,28.309424,1.498,4.888,2618.313
4.1513317,1.5103031,28.323047,1.498,4.888,2628.36
4.1528564,1.5134044,28.338021,1.498,4.893,2638.438
4.1545044,1.5100445,28.344206,1.5,4.893,2648.61
4.1562917,1.51011,28.363604,1.498,4.893,2658.782
4.1581437,1.5108389,28.384562,1.5,4.899,2668.985
4.1595061,1.5075504,28.402001,1.498,4.899,2679.172
4.1617255,1.5110096,28.416175,1.5,4.899,2689.438
4.1633412,1.5094848,28.434713,1.5,4.904,2699.766
4.1647907,1.5125311,28.45732,1.498,4.904,2710.094
4.1665389,1.5119553,28.479858,1.498,4.904,2720.454
4.1681294,1.5099438,28.491928,1.498,4.91,2730.844
4.1700194,1.5108344,28.509234,1.5,4.91,2741.313
4.1716727,1.5091623,28.528709,1.498,4.91,2751.782
4.1735085,1.5104596,28.560721,1.5,4.915,2762.313
4.1751045,1.5122422,28.582319,1.5,4.915,2772.844
4.1769518,1.5078315,28.603541,1.5,4.915,2783.454
4.1785903,1.5139273,28.636258,1.5,4.921,2794.063
4.1805203,1.5098219,28.654044,1.5,4.921,2804.704
4.1821866,1.5132307,28.680653,1.5,4.921,2815.766
4.1844259,1.5132946,28.707377,1.498,4.926,2826.641
4.1861466,1.5099883,28.731313,1.5,4.926,2837.532
4.1879778,1.5131286,28.777771,1.5,4.926,2848.891
4.1898408,1.5099162,28.795039,1.5,4.931,2859.922
4.1919025,1.5132448,28.824022,1.5,4.931,2871.032
4.1940812,1.5088867,28.860481,1.498,4.931,2882.125
4.1956919,1.5085228,28.883862,1.5,4.937,2893.297
4.1979877,1.5092825,28.911961,1.5,4.937,2904.5
4.1998451,1.5069086,28.949554,1.5,4.937,2915.75
4.2020149,1.5131257,28.974599,1.5,4.942,2927.032
4.2039147,1.5103851,29.016149,1.5,4.942,2938.657
4.2056412,1.5097799,29.044778,1.496,4.942,2950.469
4.2069347,1.4940051,29.069831,1.482,4.937,2962.11
4.2074977,1.480127,29.099402,1.469,4.931,2973.797
4.2084145,1.4666675,29.12798,1.456,4.926,2985.547
4.2093717,1.4527848,29.146181,1.443,4.921,2997.329
4.2099533,1.4418238,29.169527,1.43,4.915,3009.094
4.2101892,1.4305182,29.196499,1.418,4.91,3020.282
4.2105044,1.4169305,29.210779,1.406,4.904,3031.438
4.2117362,1.4017692,29.21766,1.394,4.899,3042.704
4.2113526,1.3788127,29.234515,1.371,4.888,3054
4.2115063,1.3683344,29.241243,1.36,4.883,3065.297
4.2119114,1.3589013,29.248113,1.348,4.877,3076.641
4.2118157,1.3366715,29.266702,1.324,4.866,3088.016
4.2113432,1.316967,29.273247,1.304,4.856,3099.391
4.2115487,1.299468,29.269628,1.292,4.85,3110.829
4.2118729,1.2883744,29.260151,1.28,4.845,3122.282
4.2117967,1.2801854,29.266622,1.269,4.839,3133.797
4.2117881,1.2572364,29.260926,1.247,4.829,3145.375
4.2118535,1.2456711,29.25863,1.235,4.823,3156.985
4.2114751,1.2228691,29.247293,1.213,4.812,3168.61
4.2118807,1.208954,29.234092,1.201,4.807,3180.329
4.2118774,1.1985056,29.220077,1.189,4.802,3191.954
4.2125497,1.1842271,29.205564,1.178,4.796,3203.672
4.2127353,1.1745349,29.188487,1.166,4.791,3215.422
4.2123476,1.1533855,29.165984,1.144,4.78,3227.25
4.2123398,1.142058,29.142288,1.132,4.775,3239.11
4.2123744,1.1286092,29.117214,1.121,4.769,3251
4.2127095,1.1180761,29.089149,1.108,4.764,3262.938
4.2122612,1.0989584,29.060566,1.087,4.753,3274.891
4.2124456,1.0851055,29.029135,1.076,4.748,3286.907
4.2124725,1.0727708,29.005183,1.065,4.742,3298.969
4.2125386,1.0621164,28.962821,1.054,4.737,3311.032
4.2128639,1.0492576,28.92965,1.042,4.731,3323.079
4.2120742,1.0291379,28.899927,1.021,4.721,3335.297
4.2120539,1.0185964,28.861927,1.009,4.715,3347.485
4.2122205,1.0045911,28.831062,0.998,4.71,3359.688
4.2123955,0.99532835,28.785368,0.988,4.704,3372.016
4.2120178,0.98158908,28.75119,0.975,4.699,3384.313
4.2122381,0.972734,28.712173,0.964,4.694,3396.657
4.2118749,0.96085015,28.669762,0.954,4.688,3408.985
4.2121329,0.95072581,28.640003,0.941,4.683,3421.391
4.2119383,0.93996408,28.588602,0.93,4.677,3433.813
4.2118177,0.92609662,28.560331,0.92,4.672,3446.313
4.2118471,0.91531167,28.512226,0.909,4.667,3458.797
4.2114857,0.90163678,28.472858,0.898,4.661,3471.391
4.2110638,0.89185797,28.439846,0.887,4.656,3484
4.2113673,0.88322128,28.409316,0.876,4.65,3496.657
4.2112263,0.87050171,28.361054,0.864,4.645,3509.391
4.2107887,0.86334374,28.321595,0.854,4.64,3521.5
4.2106712,0.84870746,28.281289,0.842,4.634,3533.672
4.2103405,0.84261579,28.25643,0.831,4.629,3545.813
4.2102961,0.82422346,28.223522,0.822,4.623,3557.954
4.2100192,0.81621768,28.186717,0.811,4.618,3570.235
4.2096283,0.80725617,28.148879,0.8,4.613,3582.563
4.2091413,0.7949042,28.114781,0.789,4.607,3594.954
4.2088813,0.78606881,28.086189,0.778,4.602,3607.36
4.209276,0.7850348,28.046177,0.777,4.602,3619.688
4.2098732,0.78397489,28.016695,0.776,4.602,3632.079
4.2101187,0.7697614,27.977261,0.765,4.596,3644.625
4.20891,0.7480374,27.942576,0.744,4.58,3657.157
4.2092612,0.74680619,27.917887,0.743,4.586,3669.719
4.2082811,0.72795943,27.879375,0.723,4.575,3682.391
4.208448,0.7294072,27.865159,0.723,4.575,3695.047
4.2090325,0.72816046,27.827985,0.721,4.575,3707.735
4.2092882,0.72550768,27.800633,0.72,4.575,3720.422
4.2101826,0.7250573,27.769812,0.718,4.575,3733.219
4.210311,0.71155487,27.737896,0.708,4.569,3745.985
4.2092052,0.69142347,27.70681,0.687,4.553,3758.891
4.2089383,0.68267775,27.678103,0.676,4.548,3771.797
4.2093648,0.68080202,27.656231,0.676,4.553,3784.672
4.2096475,0.67926995,27.627687,0.675,4.553,3797.875
4.2097069,0.67167133,27.594989,0.663,4.542,3810.938
4.2086643,0.64877485,27.559047,0.642,4.537,3824.25
4.2089702,0.64913854,27.539474,0.642,4.537,3837.36
4.2094006,0.64789886,27.49913,0.641,4.537,3850.782
4.2093161,0.63665692,27.483264,0.63,4.526,3864.188
4.2095334,0.63537007,27.456837,0.629,4.531,3877.375
4.2102,0.63326531,27.427265,0.627,4.531,3890.907
4.2099427,0.62330916,27.396308,0.617,4.526,3904.219
4.2097227,0.61097662,27.372046,0.606,4.515,3917.782
4.2088428,0.59004511,27.347939,0.585,4.504,3931.422
4.2083129,0.57998493,27.32861,0.574,4.499,3944.954
4.2078015,0.56895488,27.293839,0.565,4.494,3958.657
4.2071917,0.55907586,27.267399,0.554,4.488,3972.235
4.2067417,0.54828261,27.246713,0.545,4.483,3985.782
4.2060584,0.53834487,27.219028,0.534,4.477,3999.61
4.2055723,0.52824799,27.189354,0.524,4.472,4013.344
4.2049605,0.51954482,27.163535,0.515,4.467,4026.579
4.2050197,0.51816626,27.140469,0.513,4.467,4039.875
4.2053738,0.51532112,27.117823,0.513,4.467,4053
4.2058017,0.51558919,27.092754,0.512,4.467,4066.172
4.2053597,0.50546123,27.06449,0.502,4.461,4079.532
4.2046317,0.49492439,27.046713,0.49,4.456,4092.86
4.2050057,0.49390332,27.022653,0.49,4.456,4106.125
4.205511,0.49464936,26.999069,0.49,4.456,4119.547
4.2057615,0.49599642,26.965914,0.489,4.456,4132.938
4.205768,0.48110477,26.934767,0.478,4.45,4146.516
4.2050973,0.47311088,26.93032,0.468,4.445,4160.11
4.2045302,0.46324575,26.908477,0.458,4.44,4173.688
4.2047523,0.46052973,26.886244,0.458,4.44,4187.313
4.205194,0.46062597,26.858438,0.458,4.44,4200.907
4.2055698,0.46123086,26.834916,0.456,4.44,4214.625
4.205188,0.44739375,26.808466,0.445,4.434,4228.438
4.2044872,0.44273434,26.793268,0.435,4.429,4242.032
4.204748,0.44097753,26.775547,0.435,4.429,4255.688
4.2051166,0.44013669,26.747058,0.435,4.429,4269.438
4.2055538,0.43904774,26.723308,0.433,4.429,4283.407
4.2049202,0.42761465,26.703381,0.422,4.423,4297.188
4.2046306,0.415059,26.695214,0.413,4.418,4311.079
4.2046535,0.41407213,26.665932,0.413,4.418,4325.079
4.2048001,0.41826792,26.645088,0.411,4.418,4339.11
4.205444,0.41573788,26.628254,0.411,4.418,4353.297
4.2057256,0.41513749,26.599051,0.41,4.418,4367.438
4.2051875,0.4008408,26.582668,0.399,4.413,4381.704
4.2054198,0.40196676,26.565938,0.398,4.413,4395.985
4.2057088,0.40254104,26.538588,0.398,4.413,4410.329
4.2057026,0.39307093,26.515473,0.387,4.407,4424.625
4.2051263,0.38131309,26.498484,0.377,4.402,4439.11
4.2052973,0.37908474,26.480024,0.377,4.402,4453.579
4.2052335,0.38124585,26.454044,0.376,4.402,4467.954
4.2056317,0.37961747,26.446041,0.376,4.402,4482.5
4.2054447,0.3660378,26.41668,0.365,4.396,4497.141
4.2053982,0.36952771,26.397549,0.365,4.396,4511.672
4.2059345,0.36493162,26.380756,0.364,4.396,4525.547
4.2054057,0.3565142,26.359661,0.354,4.391,4539.547
4.2052834,0.36092102,26.338193,0.353,4.391,4553.579
4.2056506,0.35545658,26.329006,0.353,4.391,4567.579
4.2052402,0.34482079,26.306013,0.343,4.386,4581.672
4.2056833,0.34373383,26.298396,0.342,4.386,4595.547
4.2049958,0.33270341,26.264879,0.333,4.38,4609.625
4.2053199,0.3348236,26.252178,0.331,4.38,4623.75
4.2053555,0.33481734,26.237016,0.331,4.38,4637.985
4.2056697,0.33336561,26.214208,0.331,4.38,4652.344
4.2051635,0.32173461,26.195966,0.32,4.375,4666.657
4.2053775,0.32409924,26.179849,0.32,4.375,4681.047
4.2056094,0.32257145,26.167973,0.32,4.375,4695.407
4.2049526,0.31246466,26.142102,0.31,4.369,4709.75
4.2048661,0.31339206,26.124988,0.31,4.369,4724.094
4.205013,0.31536874,26.116613,0.308,4.369,4738.563
4.205641,0.30925383,26.09493,0.308,4.369,4753.125
4.2051145,0.3014769,26.08455,0.297,4.364,4767.782
4.2051043,0.30007057,26.061496,0.297,4.364,4782.407
4.2054547,0.29791815,26.051545,0.297,4.364,4797.094
4.2057165,0.2997323,26.03465,0.297,4.364,4811.782
4.2052794,0.28694696,26.023582,0.286,4.359,4826.579
4.2051889,0.28954727,26.000154,0.286,4.359,4841.391
4.2054237,0.29075399,25.98648,0.285,4.359,4856.172
4.2057348,0.28697962,25.972265,0.285,4.359,4871.047
4.2061655,0.28830936,25.955005,0.284,4.359,4885.829
4.2062955,0.28590986,25.950362,0.284,4.359,4900.782
4.2063731,0.28708483,25.934722,0.284,4.359,4915.797
4.206934,0.28776499,25.912577,0.282,4.359,4930.735
4.2061448,0.27769742,25.904544,0.273,4.353,4945.75
4.2059336,0.26470512,25.872419,0.262,4.348,4960.688
4.2057304,0.26592079,25.865187,0.262,4.348,4975.797
4.2057843,0.26386059,25.851527,0.262,4.348,4990.907
4.2060991,0.26444425,25.844054,0.262,4.348,5006.141
4.2062621,0.26288543,25.827169,0.261,4.348,5019.891
4.2066205,0.2641803,25.812025,0.261,4.348,5033.735
4.2058806,0.25061173,25.78785,0.251,4.342,5047.766
4.2052564,0.24381055,25.776518,0.24,4.337,5061.782
4.2051868,0.24312398,25.776263,0.24,4.337,5075.719
4.205534,0.24541229,25.771232,0.24,4.337,5089.891
4.2054921,0.24114854,25.74912,0.24,4.337,5104.016
4.2057474,0.24060497,25.735972,0.24,4.337,5118.313
4.2060249,0.24133961,25.726876,0.239,4.337,5132.625
4.2059507,0.24081353,25.714179,0.239,4.337,5146.985
4.2063148,0.24408495,25.697848,0.239,4.337,5161.157
4.2065698,0.23831993,25.686148,0.237,4.337,5175.454
4.2060187,0.22959248,25.671666,0.228,4.332,5189.829
4.2061704,0.23149413,25.658596,0.228,4.332,5204.313
4.206124,0.22968839,25.645639,0.227,4.332,5218.782
4.2062312,0.23167234,25.643346,0.227,4.332,5233.329
4.2067962,0.22556194,25.637303,0.227,4.332,5247.829
4.2060814,0.21964599,25.620403,0.216,4.326,5262.344
4.2053941,0.20798535,25.608939,0.206,4.321,5276.719
4.2052313,0.20784384,25.607288,0.206,4.321,5291.25
4.2055843,0.20881396,25.591104,0.206,4.321,5305.985
4.2051764,0.20948283,25.578439,0.206,4.321,5320.766
4.2056115,0.20743853,25.570258,0.205,4.321,5335.563
4.2057753,0.20488045,25.563573,0.205,4.321,5350.157
4.2057674,0.20767848,25.547054,0.205,4.321,5365.11
4.2062186,0.20625446,25.536519,0.205,4.321,5380.063
4.2064202,0.20411424,25.52287,0.204,4.321,5395.063
4.2064867,0.20475872,25.521387,0.204,4.321,5410.125
4.2065853,0.20683111,25.50718,0.204,4.321,5425.313
4.2061631,0.19327098,25.494765,0.193,4.315,5440.391
4.2054883,0.1855178,25.501718,0.183,4.31,5455.657
4.2053542,0.1866775,25.481377,0.183,4.31,5470.86
4.2054314,0.18411873,25.480854,0.183,4.31,5485.86
4.2056161,0.1840844,25.457145,0.183,4.31,5500.969
4.2057713,0.18679005,25.448654,0.183,4.31,5516.235
4.2057706,0.18598437,25.4352,0.183,4.31,5531.5
4.2060954,0.18602099,25.421933,0.182,4.31,5546.797
4.2062665,0.18386491,25.423461,0.182,4.31,5562.25
4.2062886,0.18263629,25.40341,0.182,4.31,5577.766
4.2065493,0.1858204,25.402254,0.18,4.31,5593.204
4.2066659,0.18481214,25.38325,0.18,4.31,5608.782
4.2059625,0.17576043,25.377599,0.171,4.305,5624.532
4.2062201,0.17302985,25.366001,0.171,4.305,5640.047
4.2060378,0.17487397,25.367115,0.171,4.305,5655.813
4.2065146,0.17222603,25.357123,0.17,4.305,5671.375
4.2066331,0.17018952,25.344266,0.17,4.305,5687.157
4.2061404,0.16558968,25.340312,0.16,4.299,5702.938
4.2060111,0.16178843,25.324803,0.16,4.299,5718.688
4.2058395,0.16379433,25.307204,0.16,4.299,5734.672
4.2059623,0.16047247,25.311737,0.159,4.299,5750.75
4.206524,0.16010756,25.294883,0.159,4.299,5766.829
4.206187,0.16137563,25.289812,0.159,4.299,5782.875
4.2064851,0.16365086,25.278056,0.159,4.299,5798.969
4.20662,0.16402365,25.279397,0.159,4.299,5815.157
4.2061932,0.14789134,25.26571,0.148,4.294,5831.407
4.2060063,0.15166177,25.255401,0.148,4.294,5847.532
4.2060204,0.15040904,25.257449,0.148,4.294,5863.579
4.2061446,0.15063244,25.242047,0.148,4.294,5879.766
4.2059909,0.14946159,25.23557,0.148,4.294,5895.922
4.206528,0.14734765,25.226956,0.148,4.294,5912.344
4.2066838,0.14922137,25.229701,0.148,4.294,5928.688
4.2060551,0.13811886,25.212472,0.137,4.288,5945.282
4.2060616,0.13841896,25.207357,0.137,4.288,5961.907
4.2060788,0.14152297,25.198907,0.137,4.288,5978.5
4.2057038,0.13506342,25.192335,0.137,4.288,5995.079
4.2065881,0.14048938,25.17579,0.137,4.288,6011.813
4.2055602,0.12986642,25.174434,0.126,4.283,6027.391
4.20582,0.13019737,25.163048,0.126,4.283,6042.969
4.2055225,0.12669399,25.162531,0.126,4.283,6058.344
4.205251,0.12725961,25.156224,0.126,4.283,6073.938
4.2057435,0.12612847,25.152251,0.126,4.283,6089.438
4.2057516,0.12518305,25.135683,0.126,4.283,6105.063
4.2058762,0.12508348,25.134382,0.125,4.283,6120.813
4.2064255,0.128279,25.129098,0.125,4.283,6136.422
4.2062855,0.1248481,25.117275,0.125,4.283,6152.297
4.2063112,0.1267782,25.114849,0.125,4.283,6168.11
4.2062921,0.12654883,25.105977,0.125,4.283,6183.985
4.2061222,0.12166512,25.104476,0.125,4.283,6199.938
4.2065286,0.1255399,25.092278,0.123,4.283,6215.891
4.2065974,0.12794237,25.082053,0.123,4.283,6231.657
4.2059159,0.1159957,25.076172,0.114,4.278,6247.594
4.206012,0.11317422,25.077721,0.114,4.278,6263.797
4.2061779,0.11497581,25.075606,0.114,4.278,6280.047
4.2060619,0.11836397,25.063705,0.114,4.278,6296.313
4.2063446,0.11737734,25.048503,0.112,4.278,6312.579
4.2063736,0.11527553,25.053604,0.114,4.278,6328.938
4.2064769,0.11679469,25.045686,0.112,4.278,6345.125
4.2065427,0.11351245,25.044923,0.112,4.278,6361.375
4.2069094,0.1136264,25.044929,0.112,4.278,6377.641
4.2066707,0.11512159,25.033453,0.112,4.278,6394
4.2068551,0.11431193,25.025878,0.112,4.278,6410.313
4.2070276,0.11377041,25.016002,0.111,4.278,6426.891
4.207085,0.11242626,25.011532,0.111,4.278,6443.438
4.2073588,0.11117914,24.998192,0.111,4.278,6459.907
4.2077103,0.11506245,24.993631,0.111,4.278,6476.422
4.2067266,0.10225506,24.984195,0.102,4.272,6493.11
4.2062638,0.096411342,24.983003,0.092,4.267,6509.797
4.2056578,0.09300572,24.980922,0.092,4.267,6526.454
4.2057997,0.093475351,24.973952,0.092,4.267,6543.36
4.2058206,0.094660519,24.978798,0.091,4.267,6560.25
4.2062778,0.094337328,24.974961,0.092,4.267,6576.969
4.2059753,0.094676189,24.972927,0.091,4.267,6593.969
4.2062933,0.091143241,24.966776,0.091,4.267,6611
4.2059818,0.092558234,24.966602,0.091,4.267,6628.063
4.2059997,0.091686958,24.95472,0.091,4.267,6645.063
4.2063284,0.094390424,24.947865,0.091,4.267,6662.313
4.2059015,0.087044457,24.948825,0.091,4.267,6679.344
4.2065448,0.091667671,24.940094,0.091,4.267,6696.485
4.2065408,0.092918399,24.948867,0.091,4.267,6713.672
4.2067415,0.092099654,24.925631,0.089,4.267,6731.047
4.205901,0.080038269,24.920882,0.08,4.261,6748.454
4.2060475,0.079424937,24.920013,0.08,4.261,6765.922
4.2057947,0.080786974,24.917537,0.08,4.261,6783.25
4.205794,0.081367546,24.907021,0.08,4.261,6800.829
4.2058791,0.082155655,24.91544,0.08,4.261,6818.344
4.2062597,0.083135321,24.906547,0.08,4.261,6836.047
4.2059763,0.078334483,24.907744,0.08,4.261,6853.875
4.2061408,0.080136314,24.897587,0.08,4.261,6871.672
4.2063759,0.080500665,24.885192,0.08,4.261,6889.454
4.2064136,0.082774104,24.895163,0.079,4.261,6907.235
4.2063504,0.083037178,24.891679,0.079,4.261,6924.969
4.2062932,0.080930768,24.888725,0.079,4.261,6942.922
4.206319,0.077189103,24.865877,0.079,4.261,6960.985
4.2067291,0.080925891,24.869011,0.079,4.261,6979.11
4.2055103,0.067548967,24.865312,0.069,4.256,6997.282
4.2055414,0.070314654,24.864699,0.069,4.256,7015.391
4.2058639,0.071078421,24.858764,0.069,4.256,7032.313
4.20603,0.069914678,24.859795,0.069,4.256,7049.391
4.2056559,0.069705734,24.8524,0.069,4.256,7066.5
4.2059747,0.069034699,24.848283,0.069,4.256,7083.672
4.2059765,0.070923203,24.85608,0.069,4.256,7100.547
4.2061059,0.069638903,24.840677,0.068,4.256,7117.719
4.2061136,0.071984627,24.848561,0.068,4.256,7135
4.2062388,0.072569616,24.837511,0.068,4.256,7152.375
4.2063327,0.069412825,24.830351,0.068,4.256,7169.688
4.2062476,0.067434104,24.820045,0.068,4.256,7187.157
4.2063224,0.06987838,24.811196,0.068,4.256,7204.625
4.2064163,0.06894506,24.817574,0.068,4.256,7222.141
4.2066521,0.068316098,24.804668,0.068,4.256,7239.625
4.2058456,0.06075681,24.810685,0.058,4.25,7257.204
4.2059001,0.056264888,24.8146,0.058,4.25,7274.75
4.2058789,0.059088498,24.804333,0.058,4.25,7292.25
4.2056458,0.059833629,24.799961,0.058,4.25,7309.985
4.2058236,0.058052791,24.79174,0.058,4.25,7327.485
4.2059099,0.058930173,24.792079,0.058,4.25,7345.016
4.2057153,0.056749129,24.787917,0.058,4.25,7362.797
4.2056307,0.053787007,24.784179,0.058,4.25,7380.625
4.2060445,0.058990832,24.788293,0.057,4.25,7398.61
4.2057096,0.054666865,24.784164,0.058,4.25,7416.594
4.2061326,0.05862674,24.782034,0.057,4.25,7434.594
4.2059643,0.059655071,24.787682,0.057,4.25,7452.719
4.2063591,0.060357547,24.787016,0.057,4.25,7470.86
4.2064728,0.056576854,24.771793,0.057,4.25,7488.688
4.2062452,0.060393825,24.770568,0.057,4.25,7506.954
4.2061427,0.055064533,24.7707,0.057,4.25,7525.204
4.206303,0.056722783,24.763497,0.057,4.25,7543.422
4.206234,0.057574304,24.756622,0.057,4.25,7561.766
4.2062633,0.058121393,24.760348,0.057,4.25,7580.141
4.2066707,0.057567054,24.747862,0.055,4.25,7598.563
4.2058386,0.049215644,24.745112,0.046,4.245,7617.094
4.2056128,0.046237228,24.742315,0.046,4.245,7635.547
4.2057397,0.048329881,24.741417,0.046,4.245,7654.094
4.205825,0.049408242,24.745642,0.047,4.245,7672.672
4.2056556,0.04631457,24.736628,0.046,4.245,7691.282
4.2057463,0.042860749,24.729666,0.046,4.245,7710
4.2055605,0.046750578,24.726502,0.046,4.245,7728.735
4.2060073,0.04876094,24.734379,0.046,4.245,7747.516
4.2058082,0.045139135,24.735652,0.046,4.245,7766.297
4.2060956,0.047075768,24.735338,0.046,4.245,7785.219
4.2056774,0.048657838,24.734233,0.046,4.245,7804.11
4.2058057,0.04858516,24.726561,0.046,4.245,7823.141
4.2060216,0.04809481,24.726364,0.046,4.245,7842.266
4.2063877,0.047473105,24.729557,0.046,4.245,7861.36
4.2059104,0.042714652,24.716115,0.046,4.245,7880.547
4.2059741,0.045867342,24.703774,0.046,4.245,7899.704
4.20607,0.045702616,24.7081,0.046,4.245,7918.938
4.2057978,0.045274675,24.714421,0.046,4.245,7938.235
4.2063909,0.043672182,24.704856,0.045,4.245,7957.547
4.2063962,0.043829195,24.703023,0.045,4.245,7976.969
4.2066554,0.046601415,24.700308,0.045,4.245,7996.266
4.2056733,0.036806342,24.697909,0.035,4.24,8015.829
4.2055036,0.035626905,24.702321,0.035,4.24,8033.969
4.2054956,0.036565583,24.693401,0.035,4.24,8052.36
4.2057725,0.035869059,24.693468,0.035,4.24,8070.782
4.2053021,0.035948009,24.6929,0.035,4.24,8089.219
4.2053579,0.037945621,24.692929,0.035,4.24,8107.704
4.2053989,0.038267899,24.700171,0.035,4.24,8126.266
4.2055671,0.035725014,24.691143,0.035,4.24,8144.844
4.2056087,0.034710379,24.679648,0.035,4.24,8163.516
4.2055022,0.035917372,24.676109,0.035,4.24,8182.235
4.2055203,0.036344597,24.668443,0.035,4.24,8200.969
4.2056514,0.035295378,24.671907,0.035,4.24,8219.782
4.2056843,0.035223798,24.671186,0.035,4.24,8238.625
4.2057177,0.035761532,24.663139,0.035,4.24,8257.438
4.2055444,0.037645069,24.663019,0.035,4.24,8276.297
4.2055961,0.035627544,24.664698,0.035,4.24,8295.329
4.2056435,0.036849413,24.667212,0.035,4.24,8314.297
4.2058983,0.035596327,24.664155,0.035,4.24,8333.329
4.2057314,0.034594959,24.656714,0.034,4.24,8352.485
4.2058869,0.035471585,24.652536,0.034,4.24,8371.641
4.2056237,0.035011259,24.649951,0.034,4.24,8390.86
4.205556,0.033627412,24.648583,0.034,4.24,8410.188
4.2060688,0.033727056,24.661251,0.034,4.24,8429.547
4.2060852,0.02913109,24.656731,0.034,4.24,8448.985
4.2057636,0.037129967,24.655521,0.034,4.24,8468.469
4.2057915,0.033576553,24.64714,0.034,4.24,8487.86
4.206163,0.034868298,24.64621,0.034,4.24,8507.282
4.2059506,0.032301719,24.637475,0.034,4.24,8526.797
4.2060503,0.03372879,24.639176,0.034,4.24,8546.36
4.2061664,0.033856291,24.640906,0.034,4.24,8565.985
4.2061531,0.033790196,24.650198,0.034,4.24,8585.657
4.2060859,0.031173663,24.637717,0.034,4.24,8605.375
4.2060907,0.037346572,24.640496,0.034,4.24,8625.125
4.2064154,0.034077777,24.635917,0.034,4.24,8644.969
4.2064367,0.036452482,24.636881,0.034,4.24,8664.813
4.2065127,0.034830419,24.628816,0.034,4.24,8684.766
4.2063943,0.033727906,24.633555,0.034,4.24,8704.735
4.2065844,0.033072608,24.624211,0.034,4.24,8724.782
4.2064281,0.033875483,24.626805,0.032,4.24,8744.875
4.2068154,0.034940505,24.618071,0.032,4.24,8764.969
4.2067732,0.03371053,24.621021,0.032,4.24,8785.141
4.2067995,0.035662395,24.621258,0.032,4.24,8805.344
4.2068397,0.032396137,24.622057,0.032,4.24,8825.594
4.206719,0.034172108,24.611977,0.032,4.24,8845.829
4.2067348,0.032306439,24.612734,0.032,4.24,8866.094
4.2069361,0.033053533,24.614049,0.032,4.24,8886.422
4.2071533,0.034730371,24.614453,0.032,4.24,8906.766
4.2070646,0.032886527,24.609971,0.032,4.24,8927.141
4.2071202,0.033681342,24.607196,0.032,4.24,8947.375
4.2069901,0.031592237,24.611109,0.032,4.24,8967.829
4.2069133,0.030708952,24.599058,0.031,4.24,8988.329
4.2069358,0.035588494,24.60525,0.031,4.24,9008.844
4.2070332,0.030893964,24.597817,0.031,4.24,9028.188
4.2069874,0.033150961,24.606332,0.031,4.24,9047.579
4.2071584,0.029938139,24.596781,0.031,4.24,9067.016
4.207293,0.031980115,24.600375,0.031,4.24,9086.5
4.2073388,0.032518959,24.588334,0.031,4.24,9106.047
4.2069853,0.035245893,24.603282,0.031,4.24,9125.61
4.2073225,0.030078255,24.597247,0.031,4.24,9145.25
4.2076812,0.030405521,24.600979,0.031,4.24,9164.782
4.2068631,0.021530241,24.597891,0.021,4.234,9184.5
4.205834,0.013715114,24.601183,0.012,4.229,9204.125
4.1307521,0.0011757592,24.927839,-0.002,0.003,9223.954
4.1659047,-0.003563677,25.21312,0,0.003,9243.672
4.1747085,-0.0023865972,25.23397,-0.002,0.003,9263.547
4.1791886,-0.0012436277,25.223905,0,0.003,9283.422
4.1820404,-0.0045888526,25.205285,0,0.003,9303.344
4.183897,-0.0015090389,25.179481,0,0.003,9323.219
4.185132,-0.0011016004,25.159927,0,0.003,9343.094
4.1858748,-0.0047194256,25.149368,0,0.003,9363.125
4.18672,-0.0020289071,25.128641,0,0.003,9383.329
4.1871997,-0.0013154268,25.101281,0,0.003,9403.469
4.1874786,-0.0022544565,25.094964,0,0.003,9423.75
4.1878025,-0.00074326439,25.072429,0,0.003,9443.766
4.1882678,-0.0020301598,25.066889,0,0.003,9464.172
4.1884919,-0.0028336933,25.06004,0,0.003,9484.375
4.1883891,-0.0029865675,25.04612,0,0.003,9504.797
4.1888204,-0.0010997407,25.033418,0,0.003,9525.25
4.1887699,-0.0035496289,25.017328,0,0.003,9545.813
4.1888929,-0.0025880094,25.013032,-0.002,0.003,9566.297
4.1891082,0.0018624329,25.004315,0,0.003,9586.875
