3.48015512323935,0.000419550592550484,32.6587003501619,-0.001,-0.007,0
3.17053557456241,-3.58743722253425,32.612235765839,-3.605,1.455,2.453
3.56333804451521,1.51571312782553,32.5995827076864,1.507,4.278,7.25
3.59999785437515,1.51912196960543,32.5855064230477,1.507,4.327,11.828
3.62170976935894,1.51415680491781,32.5548525548562,1.507,4.349,16.453
3.63842163889342,1.51288910284753,32.4939998307389,1.507,4.365,21.031
3.65310830898704,1.51569060045307,32.4312256636427,1.507,4.381,25.609
3.66667301612213,1.51597609925611,32.3802636398767,1.507,4.397,30.187
3.67891494056859,1.51538802784769,32.304786569669,1.507,4.408,34.766
3.69003401596228,1.51516954549444,32.2475063498107,1.507,4.419,39.406
3.70044489552943,1.51536172622873,32.1748893514451,1.507,4.43,43.984
3.71015112318323,1.51819639374396,32.1052353721655,1.506,4.44,48.547
3.71938484686092,1.51672460676288,32.0403868706363,1.507,4.451,53.109
3.72761349737292,1.51530673747014,31.9860894410195,1.507,4.457,57.672
3.7355412782486,1.51628926600205,31.9103643138707,1.507,4.467,62.266
3.74316281320719,1.51392483157868,31.8341167655766,1.507,4.473,66.828
3.75042166436206,1.51622034689763,31.7748838467681,1.507,4.484,71.453
3.75685307989036,1.51560722424096,31.6961229940674,1.507,4.489,76.047
3.76352684966109,1.51363141525357,31.6495025862353,1.507,4.494,80.609
3.76989473817711,1.51858889047246,31.5913316426013,1.507,4.5,85.187
3.77537536463892,1.51422407848751,31.5347504088833,1.507,4.505,89.812
3.78083385633337,1.51389819021494,31.474773788881,1.507,4.511,94.375
3.78586789947469,1.51333377988995,31.4159872716854,1.507,4.516,99
3.79074780171858,1.51574570820886,31.3453560919921,1.507,4.521,103.578
3.79546130739259,1.50951413989464,31.2780426264288,1.507,4.527,108.141
3.79955600629611,1.51527518177449,31.2221615193854,1.507,4.532,112.766
3.80359250446874,1.51498559163675,31.1645592248655,1.507,4.532,117.344
3.8075462723983,1.51708021973281,31.1085866497486,1.507,4.538,121.953
3.81087839283566,1.51636756216495,31.0500363240438,1.507,4.543,126.516
3.8140132174764,1.5124340326258,30.9856770695235,1.507,4.543,131.078
3.81693641504573,1.51786562474444,30.9397394596661,1.507,4.548,135.641
3.81992105655017,1.51359488344386,30.8899550255677,1.507,4.548,140.266
3.82250143435139,1.51428405859225,30.8374056282328,1.507,4.554,144.828
3.82477626780514,1.51585255648204,30.8026521670644,1.507,4.554,149.406
3.82688557435108,1.51384352314343,30.7390425811438,1.507,4.559,154.016
3.82909409233481,1.51715899362596,30.6804934028604,1.507,4.559,158.578
3.83056905508655,1.51601284640097,30.6286516182917,1.507,4.565,163.141
3.83234343457396,1.51639150716585,30.5887300200823,1.507,4.565,167.703
3.83401800167977,1.51363088625508,30.5525044323078,1.507,4.565,172.266
3.83532689148272,1.51606077450188,30.5100598540935,1.507,4.565,176.828
3.83678813568796,1.51863288165473,30.4530275290274,1.507,4.57,181.453
3.83816587116542,1.51688558803552,30.4016266749609,1.507,4.57,186.016
3.83937069653376,1.51668415847448,30.3487025180143,1.507,4.57,190.578
3.84082505878993,1.51530074803177,30.3096631947354,1.507,4.57,195.125
3.84211047096341,1.51436617853113,30.2724223635597,1.507,4.575,199.703
3.84340393475857,1.51354788179795,30.2157326163767,1.507,4.575,204.281
3.84439903406488,1.51550934455986,30.1647854938323,1.507,4.575,208.828
3.84586306595287,1.51578404220823,30.1206731616417,1.507,4.575,213.406
3.8470086167496,1.51702902504443,30.0878644769965,1.507,4.575,218.016
3.84824230743603,1.51546048806461,30.0500151651628,1.507,4.581,222.578
3.84967377495424,1.5167735654948,30.0186168493514,1.507,4.581,227.203
3.85100289521394,1.51628037014076,29.9743715040002,1.507,4.581,231.766
3.85240209853439,1.51682231127233,29.9372868183959,1.507,4.586,236.328
3.85353909282834,1.51595406602635,29.8829311045639,1.507,4.586,240.891
3.85486285121858,1.51618793879754,29.8408011256398,1.507,4.592,245.453
3.85639882567398,1.51597938698494,29.8056777057971,1.507,4.592,250.062
3.85753300247211,1.51492359830831,29.7756108068739,1.507,4.592,254.641
3.8587954620732,1.51614278068555,29.7367606799954,1.507,4.592,259.219
3.85999757342814,1.51707116874053,29.6970550450239,1.507,4.592,263.781
3.86147003680502,1.51501874397216,29.6614783961131,1.507,4.597,268.344
3.86259786225068,1.51406926714215,29.6172815154964,1.507,4.597,272.906
3.86386243748421,1.5162638315165,29.5843064976903,1.507,4.597,277.516
3.86511901810699,1.51581711227014,29.5531218061157,1.507,4.597,282.078
3.86648642451138,1.51595148930075,29.5135485661792,1.506,4.597,286.641
3.8674147876153,1.51410023885998,29.4667434368544,1.507,4.597,291.203
3.86902585266293,1.51796828406183,29.4238029177686,1.507,4.602,295.766
3.8702396436827,1.51694081144299,29.3985393457599,1.507,4.602,300.312
3.87112443027138,1.51304717260707,29.3705377187189,1.507,4.602,304.891
3.87257311491221,1.51658423075723,29.3305203591743,1.507,4.602,309.547
3.87384815962706,1.51514393576816,29.2981495643487,1.507,4.602,314.109
3.875185365716,1.51501107885274,29.2678468179324,1.507,4.608,318.656
3.87600914600909,1.51536516075883,29.2276344225275,1.507,4.608,323.234
3.87720433978277,1.51643612433372,29.2057065749761,1.507,4.608,327.844
3.87880947946742,1.51620786155947,29.1615086023339,1.507,4.608,332.406
3.87994157903206,1.51467471534382,29.1393597439008,1.507,4.613,336.953
3.88099390700097,1.51590483949341,29.1176286524397,1.507,4.613,341.516
3.88219338316884,1.51602333816366,29.0877360116148,1.507,4.613,346.078
3.88344221722883,1.51546474895171,29.0576049277677,1.507,4.613,350.641
3.88467959801933,1.51306256253339,29.025111087145,1.507,4.619,355.266
3.88573206483351,1.51493353346953,28.9865072017837,1.507,4.619,359.828
3.88696665074289,1.5140219546902,28.9510777425142,1.507,4.619,364.437
3.88802452790119,1.51547064887305,28.9298446256962,1.507,4.619,369
3.88929661812168,1.51563529559873,28.8953700573279,1.507,4.619,373.562
3.89033253386999,1.51492994253678,28.8668549410236,1.507,4.619,378.109
3.89139806857209,1.51480639589649,28.84777242356,1.507,4.619,382.687
3.89248394612206,1.51488839256061,28.801345630098,1.507,4.624,387.297
3.89349863468383,1.51749229004515,28.7675805660987,1.507,4.624,391.859
3.89464598368172,1.51710978403152,28.7453211953489,1.507,4.624,396.437
3.89566380670589,1.51571574449768,28.7335065511334,1.507,4.624,401
3.89690059575106,1.51561624871532,28.7116247063031,1.507,4.624,405.562
3.89781011811071,1.51475319008417,28.6756739513532,1.507,4.629,410.156
3.89908956209369,1.51402387981812,28.6471232438453,1.507,4.629,414.734
3.90012361324046,1.51711475658202,28.6227757194704,1.507,4.629,419.297
3.90125709948,1.51450349586359,28.5952166024425,1.507,4.629,423.859
3.90236945665357,1.51578101929046,28.5657567213769,1.507,4.629,428.484
3.90326805403776,1.51298082623287,28.5545147886494,1.507,4.629,433.031
3.90436600078183,1.51496855159178,28.524765620394,1.507,4.635,437.594
3.90528250662298,1.51702848339561,28.497447436164,1.507,4.635,442.156
3.90615229697448,1.51546556776484,28.4681691405526,1.507,4.635,446.719
3.90743625537305,1.5174650278456,28.4347932066985,1.507,4.635,451.266
3.90825349162401,1.51617187416781,28.4046834576456,1.507,4.635,455.828
3.90974419300031,1.51198426114249,28.3805880809488,1.507,4.635,460.391
3.9101406866921,1.51581190670106,28.3651324665502,1.507,4.64,464.953
3.9110464524235,1.52193005121877,28.3512574274335,1.507,4.64,469.516
3.91227486092825,1.51609740039949,28.325901158436,1.507,4.64,474.078
3.91294992958328,1.51664423451215,28.3054885468055,1.507,4.64,478.687
3.91413360602058,1.51661761622871,28.2708877091529,1.507,4.64,483.312
3.91476342600514,1.51723536647391,28.2444603745035,1.507,4.646,487.875
3.91593363001457,1.51408034555211,28.2297032229835,1.507,4.646,492.5
3.91672520474212,1.51444744001948,28.2099530201759,1.507,4.646,497.047
3.9176693437439,1.51539347342813,28.1722557609159,1.507,4.646,501.625
3.91843183803743,1.51331382467277,28.1452176150126,1.507,4.646,506.234
3.91923922050932,1.51860990486646,28.1227604826295,1.507,4.646,510.797
3.9200376775229,1.51652913639177,28.1129066441643,1.507,4.651,515.359
3.92084463660564,1.51703304875696,28.0980378486981,1.507,4.651,519.922
3.9216648007847,1.51529529854327,28.0773673720826,1.507,4.651,524.484
3.92257593628432,1.51712463163222,28.0556939064459,1.507,4.651,529.047
3.92343320080284,1.51633452063064,28.031907705999,1.507,4.651,533.609
3.9241653946861,1.51511953785964,28.0084668573831,1.507,4.651,538.172
3.92513211812537,1.51660055105259,27.9851980323242,1.507,4.651,542.797
3.92581214131967,1.5172138751593,27.9665913099161,1.507,4.656,547.344
3.92675092413006,1.51937022264096,27.9425674085938,1.507,4.656,551.906
3.92719084348201,1.51677706672896,27.9172616265216,1.507,4.656,556.469
3.92814621916389,1.51937312010641,27.8959072250814,1.507,4.656,561.031
3.92902531795623,1.51571432219937,27.8837591353556,1.506,4.656,565.641
3.92991584089636,1.5154699430561,27.8506471350702,1.507,4.656,570.219
3.93021487718928,1.51693065408904,27.8251800106095,1.507,4.656,574.797
3.93121567738916,1.51241273504038,27.7948053007089,1.507,4.656,579.344
3.9319753396329,1.5153617305812,27.7716432073802,1.507,4.656,583.937
3.93281266532204,1.51626157521641,27.7587803012475,1.507,4.656,588.562
3.93350296152267,1.51584709213985,27.748151496191,1.507,4.662,593.125
3.93407021222817,1.51200401357775,27.7360243141956,1.507,4.662,597.687
3.93475267056778,1.5192075136506,27.7270173221701,1.507,4.662,602.312
3.93545036192754,1.51542998177034,27.7063888298749,1.507,4.662,606.875
3.93666913981128,1.51625634566819,27.6829543730892,1.507,4.662,611.437
3.93682652934417,1.51597324947667,27.6626894858323,1.507,4.662,615.984
3.93759471170288,1.51453080175994,27.6453970017397,1.507,4.662,620.547
3.93841684420037,1.51171442380952,27.6373073222809,1.507,4.667,625.109
3.93910574210777,1.51416352000696,27.6169461623939,1.507,4.667,629.687
3.93962042980416,1.51520877148328,27.6020230302283,1.507,4.667,634.297
3.94060524695995,1.51510504939017,27.5881388924198,1.507,4.667,638.891
3.94142218405231,1.51504123709527,27.5614604136363,1.507,4.667,643.437
3.9418185452742,1.51616892000437,27.5454644056958,1.507,4.667,648.016
3.9426086771083,1.5167251008055,27.5216574488794,1.507,4.667,652.641
3.94319178021544,1.51411318888451,27.4996502423266,1.507,4.672,657.187
3.94378119742859,1.51479314317605,27.4905940650594,1.507,4.672,661.75
3.94412500843412,1.51690378289963,27.4769244323187,1.507,4.672,666.312
3.94507063067313,1.51613791166322,27.4686241460638,1.507,4.672,670.875
3.94557228997834,1.51458392545234,27.4493668053851,1.507,4.672,675.437
3.94607614136064,1.5161316911473,27.4336635644867,1.507,4.672,680.016
3.94679494948074,1.5152519690827,27.4184948836992,1.507,4.672,684.641
3.94742091378332,1.51563862453354,27.4024414456011,1.507,4.672,689.25
3.94791604420638,1.51748184679776,27.3831216447523,1.507,4.678,693.828
3.94850933716417,1.51512206455599,27.3771456384904,1.506,4.678,698.422
3.94939335069255,1.51709648060891,27.3550885820232,1.507,4.678,702.984
3.94986244450231,1.51382379144783,27.3370992168675,1.507,4.678,707.562
3.95051421267111,1.51643093377795,27.3120660796396,1.507,4.678,712.187
3.95094218060896,1.51698775952551,27.2936215080337,1.507,4.678,716.734
3.9515673098904,1.51619843639719,27.3006401745191,1.507,4.678,721.297
3.95232577358537,1.51494882654132,27.2820992550537,1.507,4.678,725.859
3.95262196431436,1.51403137597523,27.2644780247773,1.507,4.678,730.422
3.95347559696975,1.51387461697133,27.2455120751956,1.507,4.678,735.047
3.95351540761318,1.51360674051778,27.2245110789201,1.507,4.683,739.625
3.95398341815023,1.51554882042931,27.2138842142143,1.507,4.683,744.25
3.95506190866601,1.51222360288656,27.2122090589842,1.507,4.683,748.828
3.95541490713995,1.51821969617279,27.2038518383341,1.507,4.683,753.391
3.95609799911785,1.51526481134734,27.1854027391933,1.507,4.683,758.016
3.956782963181,1.51692883295698,27.1651101459545,1.507,4.683,762.594
3.95748973399337,1.51682341338858,27.1484082666471,1.507,4.683,767.172
3.95784081279145,1.51517975753602,27.1269996881934,1.507,4.683,771.734
3.95812902861242,1.51588519469844,27.1178356120466,1.507,4.683,776.297
3.9589957610094,1.51705855238252,27.1080964197971,1.507,4.683,780.922
3.95976062768191,1.51742571057408,27.1055203413908,1.507,4.683,785.547
3.95998165449149,1.51504798688916,27.0960229103638,1.507,4.683,790.125
3.96040087976014,1.51511380332963,27.0774677589275,1.507,4.683,794.687
3.96114612055611,1.51410171770415,27.0642471287383,1.507,4.689,799.312
3.96150136737663,1.51672342481852,27.0462852659593,1.507,4.689,803.891
3.96214539709371,1.51607407064352,27.0250995820291,1.507,4.689,808.547
3.96285442735577,1.51426604625761,27.0172621744756,1.507,4.689,813.125
3.96309175825749,1.51423246541601,27.0117264336558,1.507,4.689,817.703
3.96397014971907,1.51675557336095,26.9941280601604,1.507,4.689,822.312
3.96470812417903,1.51381469153905,26.9770046650431,1.507,4.689,826.875
3.96490931038812,1.51739311815166,26.972179995523,1.507,4.689,831.437
3.96553633537001,1.51626657016834,26.9797756281831,1.507,4.694,836.016
3.96619930229937,1.51347745998511,26.9706773043962,1.507,4.694,840.578
3.96696741070893,1.5151726184666,26.9480906355343,1.507,4.694,845.141
3.96719818738866,1.51442115195403,26.9378397623109,1.507,4.694,849.703
3.96786995346057,1.51653448775863,26.9220533088452,1.507,4.694,854.281
3.96848412125959,1.51717962122575,26.9080538491199,1.507,4.694,858.891
3.96882234808959,1.51776606796358,26.9005248640788,1.507,4.694,863.453
3.96936310269742,1.51791668652545,26.8812540627024,1.507,4.694,868.016
3.97019027458887,1.51417557250779,26.8630082286564,1.507,4.694,872.641
3.97073789672499,1.51678884126396,26.8675296375145,1.507,4.694,877.219
3.9712351409899,1.51668437585274,26.8640587378378,1.507,4.699,881.797
3.97172960301108,1.51384966869808,26.8567146466946,1.507,4.694,886.359
3.97265311913638,1.51829613684823,26.8401825904608,1.507,4.699,890.937
3.97276555665437,1.51392703029688,26.8312269160894,1.507,4.699,895.547
3.97369694591975,1.51417721146883,26.8167557129735,1.507,4.699,900.109
3.97399837396224,1.51401756036164,26.815205578742,1.507,4.699,904.687
3.97472110996537,1.5150383460212,26.8141134874387,1.507,4.699,909.25
3.9752104469139,1.51510520102555,26.8094404586183,1.507,4.699,913.875
3.97553036280971,1.51779474813542,26.792834934629,1.507,4.699,918.437
3.97616486431779,1.51547753347882,26.7869517118446,1.507,4.699,923
3.97682982984925,1.51436875720875,26.7738315213139,1.507,4.699,927.562
3.97718223354837,1.51577867124187,26.7506172023846,1.507,4.705,932.125
3.97810476832793,1.51613914177014,26.7398810626649,1.507,4.705,936.687
3.97850398814972,1.51528999577775,26.7356396487954,1.507,4.705,941.266
3.97915796427475,1.51543296836415,26.7342996846452,1.507,4.705,945.844
3.97981044112806,1.51377226032653,26.7284049131394,1.507,4.705,950.453
3.980072403236,1.51692059750444,26.7291455852252,1.507,4.705,955.016
3.98099585145121,1.51621095181583,26.7101571374986,1.507,4.705,959.578
3.98139046199467,1.51274664546868,26.7152113890675,1.507,4.705,964.203
3.98203052953793,1.5150627077884,26.7109196996509,1.507,4.705,968.766
3.9825066829067,1.51367937051992,26.6969844281771,1.507,4.705,973.328
3.98299398979641,1.51479834273533,26.6911304228294,1.507,4.71,977.875
3.98385773203187,1.51706527497316,26.6847234701161,1.507,4.71,982.453
3.98391304683246,1.51723471029294,26.6724718742082,1.507,4.71,987.016
3.98510121477904,1.51232084778091,26.6559014271097,1.507,4.71,991.578
3.98544435731184,1.51541699974154,26.6503559614828,1.507,4.71,996.172
3.98602521045427,1.51277622549961,26.6375386583084,1.507,4.71,1000.766
3.98670590070356,1.51627892509631,26.6256021546019,1.507,4.71,1005.328
3.98694569096578,1.51649423290966,26.6319961519617,1.507,4.71,1009.906
3.98754627349042,1.51667211531249,26.632646285642,1.507,4.71,1014.531
3.9882561334964,1.51478646253306,26.6187643273825,1.507,4.716,1019.109
3.98874714366493,1.51502175835149,26.6216603685674,1.507,4.716,1023.672
3.98944765794677,1.51674821464309,26.6157016427068,1.507,4.716,1028.328
3.9900454773488,1.51395862380834,26.6074517132701,1.507,4.716,1032.906
3.99049618387079,1.51591921773477,26.5897273587175,1.507,4.716,1037.469
3.99103033067196,1.51695357581724,26.5830524673775,1.507,4.716,1042.031
3.99142274183215,1.51552898950542,26.5891696562322,1.507,4.716,1046.594
3.99194577461839,1.51565052645574,26.5786542159857,1.507,4.716,1051.187
3.99257573968395,1.51661456607744,26.565159828301,1.507,4.716,1055.75
3.99324118627873,1.51582708533587,26.5513530879102,1.507,4.716,1060.328
3.99373482250164,1.51313808487766,26.5471539581465,1.507,4.721,1064.953
3.99456879968187,1.51211563282074,26.5465148495852,1.507,4.721,1069.531
3.99483105941517,1.51462772955146,26.5393653524347,1.507,4.721,1074.094
3.99499611168067,1.51712666617858,26.5315257986937,1.507,4.721,1078.719
3.99564723054408,1.51491635089879,26.5282123538454,1.507,4.721,1083.297
3.99657437558844,1.51502183710999,26.523250632638,1.507,4.721,1087.859
3.99691558791511,1.51563096571595,26.5199293826108,1.507,4.721,1092.422
3.99733412142839,1.51666625456922,26.5156565174355,1.507,4.721,1097
3.99815039426462,1.51600670799061,26.5148084146716,1.507,4.721,1101.578
3.9987545211354,1.511161738007,26.5107531496042,1.507,4.721,1106.172
3.9991562161,1.51510647826341,26.4964770290614,1.507,4.721,1110.75
3.99948662769091,1.51501767426313,26.4927497373897,1.507,4.726,1115.312
4.00034526364656,1.51559251877426,26.4931253075203,1.507,4.726,1119.937
4.00044375132314,1.51515885292118,26.4813535917059,1.507,4.726,1124.516
4.00142833093118,1.51618983801637,26.4787446790987,1.507,4.726,1129.094
4.00164174880539,1.51660427138004,26.4829296947082,1.507,4.726,1133.672
4.00226582714506,1.516347413164,26.4815293439175,1.507,4.726,1138.234
4.00308046382457,1.5147670371839,26.4720164939399,1.507,4.726,1142.797
4.00328933824302,1.51476590156125,26.4638442131628,1.507,4.726,1147.375
4.00374831639193,1.51436906178909,26.4609487262135,1.507,4.726,1152
4.00437680772984,1.51441718973998,26.4554994598324,1.507,4.726,1156.578
4.00483310448437,1.51393953817322,26.4529199994353,1.507,4.732,1161.141
4.0054017160225,1.51683417627762,26.438815495278,1.507,4.732,1165.719
4.00590278506549,1.51297180405809,26.4481831760348,1.507,4.732,1170.281
4.00644445468846,1.51613673868847,26.4417557757162,1.507,4.732,1174.906
4.00720333973152,1.51606321745685,26.4339479409025,1.507,4.732,1179.484
4.00764753709801,1.51557413784508,26.4397542267139,1.507,4.732,1184.047
4.0081684523696,1.51705082094532,26.4290733590177,1.507,4.732,1188.734
4.00871949733373,1.51672381585152,26.4157608961053,1.507,4.732,1193.328
4.00889457973125,1.51661007631779,26.4231064153115,1.507,4.732,1197.906
4.00966729544785,1.51714330156502,26.4219314888423,1.507,4.737,1202.469
4.01011658216604,1.51459059626941,26.4166222092193,1.507,4.737,1207.406
4.01082165675095,1.5159939652744,26.4171248467166,1.507,4.737,1212.141
4.01132740069693,1.51176522884193,26.4130451862068,1.507,4.737,1216.844
4.01171767206903,1.51485687112909,26.4021992944948,1.507,4.737,1221.578
4.01257530251637,1.51883527360723,26.3996906734324,1.507,4.737,1226.297
4.01279574510003,1.51511407981356,26.3982180854357,1.507,4.737,1231
4.0135604613861,1.51511448800653,26.390542192157,1.507,4.737,1235.719
4.01427478135803,1.51733177412424,26.3909805885017,1.507,4.737,1240.437
4.01436772786109,1.51413914713299,26.3856136464148,1.507,4.737,1245.172
4.01517879384258,1.51654481721585,26.3879301616307,1.507,4.743,1249.922
4.01577025629875,1.51575595730146,26.3943407101007,1.507,4.743,1254.641
4.01601343168241,1.51632329230926,26.3813934238364,1.507,4.743,1259.359
4.0167380429796,1.51592753894271,26.3796287355372,1.507,4.743,1264.078
4.01751594823745,1.51851705433875,26.3769182311564,1.507,4.743,1268.828
4.01775453621541,1.51865148734649,26.3729987841645,1.507,4.743,1273.594
4.01834318557278,1.5163275690971,26.3622994589163,1.507,4.743,1278.312
4.01895918184869,1.51370550719033,26.3587418914397,1.507,4.743,1283.031
4.01964833136751,1.51708677221911,26.3512576998165,1.507,4.743,1287.797
4.01999133514553,1.51435317742845,26.3524257073372,1.507,4.743,1292.516
4.0202951006721,1.51816223753574,26.3664721692033,1.507,4.743,1297.234
4.02101314825771,1.51518662436931,26.3629791154341,1.507,4.743,1301.937
4.02177041390972,1.51387875547974,26.3537198914558,1.507,4.748,1306.625
4.02203832747418,1.51446866480688,26.3476312045322,1.507,4.748,1311.359
4.02284921655716,1.51434774057885,26.3546425885383,1.507,4.748,1316.094
4.02315218467581,1.51292042580164,26.3454467290924,1.507,4.748,1320.797
4.0238535392211,1.51654290134146,26.3494585150632,1.507,4.748,1325.516
4.02422435578775,1.517985972532,26.3442938067757,1.507,4.748,1330.219
4.02492213209324,1.51539786785118,26.3305682432402,1.507,4.748,1334.969
4.02534969716127,1.51471793538064,26.3325745085634,1.507,4.748,1339.672
4.02599783037646,1.51591296628312,26.3495116961329,1.507,4.748,1344.391
4.02687161895531,1.51524269774587,26.3356742165694,1.507,4.753,1349.125
4.0272612242484,1.51640734387487,26.3374976356397,1.507,4.753,1353.875
4.02764362906878,1.51679853048583,26.3337247859053,1.507,4.753,1358.578
4.02840965396302,1.51529796265447,26.3402398914639,1.507,4.753,1363.297
4.02883545607126,1.51614307924644,26.3380541985519,1.507,4.753,1368.016
4.02938078358596,1.51409469350126,26.3297435185173,1.507,4.753,1372.781
4.0297641464518,1.51564337709417,26.3228822103027,1.507,4.753,1377.531
4.03039734950695,1.51453502570831,26.3179532308651,1.507,4.753,1382.266
4.03132336237715,1.51586132563773,26.327809773048,1.507,4.753,1387
4.03190990154993,1.5168642930024,26.3209632528825,1.507,4.753,1391.719
4.03232202276423,1.51455967877056,26.3170133962047,1.507,4.759,1396.484
4.03291384282816,1.51851884574275,26.3265115533055,1.507,4.759,1401.203
4.0333695445665,1.51639949170359,26.3228223649593,1.507,4.759,1405.969
4.03395258935756,1.51147573049488,26.3207196176631,1.507,4.759,1410.703
4.03458682618245,1.51457734211277,26.3169763399569,1.507,4.759,1415.422
4.03494112249472,1.517386851401,26.316332634365,1.507,4.759,1420.156
4.03556247882098,1.51917073216188,26.3188635677605,1.507,4.759,1424.922
4.03653588376214,1.517044506433,26.3188594869098,1.507,4.759,1429.641
4.0367766222234,1.51337012617234,26.3138112775705,1.507,4.759,1434.375
4.03760526300624,1.51913963151045,26.3227981095306,1.507,4.764,1439.125
4.03796529122672,1.51620184526812,26.326958020522,1.507,4.764,1443.891
4.03840068371293,1.51511464729721,26.3270250397201,1.507,4.764,1448.625
4.0390220389978,1.51561344927617,26.3268324884043,1.507,4.764,1453.344
4.03978622353617,1.51252083454048,26.324889646507,1.507,4.764,1458.078
4.04048365639338,1.51672078160123,26.3260073711878,1.507,4.764,1462.781
4.04091291394168,1.51335431733545,26.3122918676141,1.507,4.764,1467.453
4.04155765631865,1.5185816756493,26.3145611520084,1.507,4.764,1472.141
4.04198569387579,1.51641947247672,26.3227668066044,1.507,4.764,1476.812
4.04252597459136,1.51352112724531,26.3194245360792,1.507,4.77,1481.5
4.04343612616693,1.5170651161978,26.320905315963,1.507,4.77,1486.203
4.04376914626646,1.51678080875454,26.3183529015597,1.507,4.77,1490.906
4.04457835798897,1.51760607947132,26.3172774720207,1.507,4.77,1495.641
4.04493812259837,1.51131310071625,26.3308628623986,1.507,4.77,1500.328
4.04561039001625,1.51559085521298,26.3233830019882,1.507,4.77,1505.016
4.04617350839653,1.51863751199856,26.3150930071127,1.507,4.77,1509.734
4.0465685277508,1.51608875690806,26.3241528772927,1.507,4.77,1514.437
4.04692543267368,1.51767358591885,26.3142087332527,1.507,4.77,1519.125
4.04812412623192,1.52021744568833,26.3247301945578,1.507,4.77,1523.844
4.04837954052717,1.51414762708573,26.320545752359,1.507,4.77,1528.547
4.04931942037207,1.51875668722049,26.3247729146414,1.507,4.775,1533.234
4.05003790707626,1.5193306214033,26.3339645713557,1.507,4.775,1537.969
4.05062451194396,1.51740408507202,26.3322183826425,1.507,4.775,1542.687
4.05079142918073,1.51959999451163,26.3335555342659,1.507,4.775,1547.453
4.05191211593944,1.51423338442659,26.3163949065221,1.507,4.775,1552.219
4.05239019133198,1.51165028114801,26.3206571956696,1.507,4.775,1556.953
4.0526270600495,1.51355148350596,26.3306600881798,1.507,4.775,1561.672
4.053541803773,1.51829889927129,26.3250653880991,1.507,4.78,1566.437
4.05397006987928,1.51534104321507,26.3355428021681,1.507,4.775,1571.203
4.05486585761185,1.51691765786944,26.3237650044527,1.507,4.78,1575.937
4.05527755550034,1.51541367871174,26.3338264710576,1.507,4.78,1580.672
4.05612776507398,1.51597463344027,26.3222874842555,1.507,4.78,1585.406
4.05693033686882,1.51618211614938,26.332215555108,1.507,4.78,1590.141
4.05726403307606,1.5163264225573,26.332519896146,1.507,4.78,1594.875
4.05821682176777,1.51571161534191,26.3416354402862,1.507,4.78,1599.625
4.05871647798099,1.5137302262797,26.3378392338601,1.507,4.78,1604.359
4.05921446565685,1.51699743540445,26.3339794190711,1.507,4.78,1609.062
4.05979597774792,1.51726476951311,26.3303804205829,1.507,4.786,1613.734
4.06059260532743,1.51737189156927,26.3248526079813,1.507,4.786,1618.422
4.06125928438282,1.51718043179049,26.3315571619736,1.507,4.786,1623.109
4.06183153296091,1.51714446479945,26.3358506835292,1.507,4.786,1627.797
4.06244071171102,1.51667600220796,26.3414626121629,1.507,4.786,1632.516
4.06328028725662,1.51576637399995,26.3367915278212,1.507,4.786,1637.234
4.06369300551818,1.51447511478688,26.3426709717439,1.507,4.786,1641.937
4.06430466665068,1.51418178387451,26.3537741234985,1.507,4.786,1646.625
4.06489462856212,1.51611857413717,26.3491851994368,1.507,4.786,1651.312
4.06563377127961,1.51797839454341,26.3484090171916,1.507,4.791,1656.047
4.0662998948575,1.51547266918654,26.3431734051662,1.507,4.791,1660.734
4.06697487236583,1.51574156055808,26.3353147834343,1.507,4.791,1665.422
4.06762068593027,1.5187072195508,26.3477757549255,1.507,4.791,1670.156
4.06842347024216,1.51567226030942,26.3633340833384,1.507,4.791,1674.828
4.0689326315997,1.51590275633361,26.3570451582707,1.507,4.791,1679.547
4.06949192837784,1.5134269539322,26.375216861325,1.507,4.791,1684.281
4.07025876659517,1.51569077316192,26.3726658533654,1.507,4.791,1688.984
4.07075355110551,1.51414453332525,26.369468292196,1.507,4.797,1693.719
4.0716725769045,1.51492683784543,26.3777889054416,1.507,4.797,1698.469
4.07212739795759,1.51959357309025,26.3660734979313,1.507,4.797,1703.203
4.07317794785821,1.51408295502706,26.3719573256091,1.507,4.797,1707.937
4.07365672149577,1.51511701249081,26.3688096423648,1.507,4.797,1712.594
4.07440438011381,1.519148962834,26.373399711234,1.507,4.797,1717.297
4.07463001118978,1.51479255756652,26.3663040320905,1.507,4.797,1721.969
4.07546390190466,1.51677311706585,26.3767811166093,1.507,4.797,1726.641
4.07625270450111,1.51402203213753,26.375036006561,1.507,4.802,1731.344
4.07690317400917,1.51596277989824,26.3827151051487,1.507,4.802,1736.062
4.07784733420473,1.5157985723391,26.3804346522647,1.507,4.802,1740.797
4.07850578740924,1.51522920322643,26.3972962614603,1.507,4.802,1745.531
4.07918199079713,1.51525490820201,26.4038695671153,1.507,4.802,1750.234
4.07989943242604,1.51160099030062,26.3874657241876,1.507,4.802,1754.953
4.08013326882938,1.51609951036763,26.3840661705723,1.507,4.802,1759.672
4.08095122548203,1.51427168214457,26.3993079982477,1.507,4.807,1764.375
4.08191622217363,1.51514098305929,26.3975866730689,1.507,4.807,1769.125
4.08247070721777,1.51465044965579,26.4045096739564,1.507,4.807,1773.891
4.08321040379831,1.51570344943616,26.4105691073789,1.507,4.807,1778.594
4.08407189641869,1.51560946220261,26.4079834523575,1.507,4.807,1783.312
4.08453068416,1.51485230222182,26.4068389961837,1.507,4.807,1787.969
4.08565087066745,1.51790368035882,26.4099018554143,1.507,4.807,1792.672
4.0860259255565,1.51472912395871,26.4125349998104,1.507,4.807,1797.391
4.08669900506851,1.51640363429824,26.4160402060243,1.507,4.813,1802.078
4.08788202601465,1.51666349593538,26.4216397141608,1.507,4.813,1806.844
4.08827109065405,1.5156839560337,26.4301919239707,1.507,4.813,1811.562
4.08903973138798,1.51360913292174,26.4314384576799,1.507,4.813,1816.266
4.08979586874506,1.51373630998079,26.4261631131398,1.507,4.813,1820.937
4.0904882214117,1.51621397662674,26.4360613583053,1.507,4.813,1825.672
4.0908131495888,1.51959314879503,26.4314314152533,1.507,4.813,1830.437
4.09196890250637,1.51627764789381,26.4256851651891,1.507,4.813,1835.109
4.09252498410928,1.51564412187966,26.4281359121241,1.507,4.813,1839.812
4.09338465277221,1.51549435539335,26.4393895151365,1.507,4.818,1844.531
4.09411633515771,1.51518813362727,26.442815640227,1.507,4.818,1849.203
4.09487584810447,1.51320373030738,26.4489098691831,1.507,4.818,1853.922
4.09539363550848,1.51364080239773,26.4558725465706,1.507,4.818,1858.594
4.09635474795483,1.5106524652448,26.4576237117757,1.507,4.818,1863.344
4.09690516731529,1.51436579384937,26.4505945265526,1.507,4.824,1868.031
4.09786165223913,1.51490424495687,26.4686805486519,1.507,4.818,1872.75
4.09861661078833,1.51616385263668,26.4655612654403,1.507,4.824,1877.547
4.09937446786243,1.51502675547306,26.467189974697,1.507,4.824,1882.359
4.1000020568943,1.5159079218438,26.4687912863677,1.507,4.824,1887.219
4.10079411226814,1.51779909554149,26.4758636652141,1.507,4.824,1892.109
4.10177182237701,1.51644726052415,26.4915553633354,1.507,4.824,1897.094
4.10236195226221,1.51291309937363,26.4886827390353,1.507,4.829,1901.75
4.10314820943058,1.51605550339315,26.4972146307917,1.507,4.829,1906.484
4.10370333803816,1.51798187165191,26.4919185270848,1.507,4.829,1911.203
4.10446495210988,1.5167258457399,26.4907303560259,1.507,4.829,1915.859
4.10497443471951,1.51562702402233,26.492847873606,1.507,4.829,1920.594
4.10634314697649,1.51050710547145,26.4945314174838,1.507,4.829,1925.312
4.10715078984782,1.51327647421559,26.5119832647528,1.507,4.829,1929.969
4.10769772989029,1.51832365722908,26.5100746528725,1.507,4.829,1934.703
4.10843735264421,1.5115211407783,26.5177065806668,1.507,4.829,1939.422
4.10923983396098,1.51490350574701,26.5393773449518,1.507,4.834,1944.125
4.11011102725706,1.51355522675007,26.542605354477,1.507,4.834,1948.859
4.11084002256505,1.51517659206239,26.5509117635952,1.507,4.834,1953.516
4.11158819669394,1.51504322318027,26.538124683678,1.507,4.834,1958.234
4.1125367544913,1.51339409861194,26.5437940487634,1.507,4.834,1962.937
4.11342422269686,1.51672700725973,26.5482631434042,1.507,4.834,1967.594
4.11386237938058,1.51802489258333,26.5454546632629,1.507,4.84,1972.344
4.11441853367895,1.51596053870319,26.5490275345537,1.507,4.84,1977.109
4.11557708339032,1.51850451730149,26.5572466544927,1.507,4.84,1981.766
4.11643281197794,1.51591621900236,26.5646798596185,1.507,4.84,1986.516
4.11712949833548,1.51490316236299,26.5685858603535,1.507,4.84,1991.203
4.11782025646252,1.51969971447099,26.576860295541,1.507,4.84,1995.937
4.11875000037805,1.51584121058363,26.5808980381604,1.507,4.84,2000.656
4.11924750417642,1.51345991625391,26.5870838417098,1.507,4.84,2005.312
4.12018996875333,1.51400401909713,26.5877104316435,1.507,4.845,2010.016
4.12098236922974,1.51907700785595,26.5843573176099,1.507,4.845,2014.734
4.12168973971247,1.5158131052969,26.5881822184726,1.507,4.845,2019.391
4.12264105355369,1.51620088185888,26.5964584812812,1.507,4.845,2024.141
4.12350767951629,1.51697415610201,26.6034196804812,1.507,4.845,2028.828
4.12403003854523,1.51632006562952,26.6040923402367,1.507,4.845,2033.562
4.12516030876936,1.51536993583153,26.6051114036783,1.507,4.851,2038.281
4.12596446901495,1.51638591502398,26.6106447796186,1.507,4.851,2042.937
4.12665477172716,1.51553450614999,26.6134405210378,1.507,4.851,2047.656
4.12760623322685,1.51578432008262,26.6219405239926,1.507,4.851,2052.312
4.12840670806594,1.51316521866362,26.6213749144799,1.507,4.851,2057.047
4.12901205014583,1.51582403279274,26.6264431490174,1.507,4.851,2061.766
4.12982054871206,1.51933748372345,26.6331733509275,1.507,4.851,2066.422
4.13090523990547,1.51266465929376,26.6309596879954,1.507,4.856,2071.141
4.13134105169309,1.5143004587414,26.6398125671262,1.507,4.856,2075.891
4.13230780507535,1.51670854679451,26.6397262779846,1.507,4.856,2080.609
4.13305086369144,1.51519006985088,26.6471466007537,1.507,4.856,2085.328
4.13406746246376,1.51487807216591,26.6591112714259,1.507,4.856,2090.047
4.13474674707496,1.51582998578068,26.6667603425219,1.507,4.856,2094.719
4.13564770845756,1.51941507968249,26.6660374512638,1.507,4.861,2099.453
4.13644861719827,1.51718463434592,26.6687652555867,1.507,4.856,2104.219
4.13721797972373,1.51525887873894,26.6832643432545,1.507,4.861,2108.891
4.13809958751591,1.51552278209116,26.6881654971802,1.507,4.861,2113.609
4.13883966577272,1.51512820113337,26.6995035334978,1.507,4.861,2118.344
4.13987094410269,1.51519478404873,26.702216209426,1.507,4.861,2123.078
4.14050835687054,1.51324377058302,26.699734612473,1.507,4.867,2127.812
4.14127354409044,1.51416599102567,26.7054757154644,1.507,4.867,2132.516
4.14232445130425,1.51658602867976,26.6985587791704,1.507,4.867,2137.297
4.14330715283511,1.51492250436224,26.717548517308,1.507,4.867,2141.953
4.14397716136763,1.51478032646062,26.7150941693834,1.507,4.867,2146.734
4.14462931908515,1.51503650408153,26.721032667249,1.507,4.867,2151.422
4.14562039596517,1.51983246499693,26.7177632088528,1.507,4.872,2156.172
4.14640865368237,1.51818625564393,26.7317217769377,1.507,4.872,2160.828
4.14730901985598,1.51880013572131,26.7308255613724,1.507,4.872,2165.531
4.14809861178594,1.51902289085413,26.7512806550112,1.507,4.872,2170.266
4.14889285027149,1.51764944341532,26.7453434897598,1.507,4.872,2174.953
4.14971847441409,1.51497842179367,26.7594232911972,1.507,4.872,2179.703
4.1505207190848,1.51634688991066,26.7599093440799,1.507,4.872,2184.469
4.15132699436131,1.51542321275494,26.7713440252363,1.507,4.878,2189.125
4.15224268824239,1.51591759749057,26.7744613858983,1.507,4.878,2193.828
4.15306696426148,1.51507413275774,26.772791974599,1.507,4.878,2198.578
4.15411017252977,1.51321394297686,26.7794757176072,1.507,4.878,2203.281
4.15469393534398,1.51601784637202,26.7853153121775,1.507,4.878,2207.922
4.15575144814152,1.51426075123424,26.7969864150442,1.507,4.878,2212.672
4.15634321017365,1.51367329807699,26.7933382603013,1.507,4.878,2217.406
4.15738445598249,1.51187247439936,26.7980515463704,1.507,4.878,2222.109
4.15768315090818,1.51904749557845,26.8039944307107,1.507,4.883,2226.828
4.15877861905758,1.51584945595705,26.8134045622079,1.507,4.883,2231.5
4.15971129184871,1.51444056840179,26.8178568403418,1.507,4.883,2236.203
4.16026594334782,1.51623810499995,26.8217458312673,1.507,4.883,2240.922
4.1614158464892,1.51346045198356,26.8235113325957,1.507,4.883,2245.609
4.16197354567807,1.51685594033237,26.8311448867478,1.507,4.883,2250.297
4.1631146796739,1.51531635842668,26.8534808633283,1.507,4.888,2254.984
4.16378813919916,1.51460189644652,26.8373812592965,1.507,4.888,2259.75
4.16441688453575,1.51547331811131,26.8529226941309,1.507,4.888,2264.469
4.16553194567014,1.51895905204563,26.8529632552241,1.507,4.888,2269.172
4.16594838447622,1.51430772474731,26.8565055783662,1.507,4.888,2273.922
4.16692488351254,1.51625972431971,26.8688519111798,1.507,4.888,2278.625
4.16763577980494,1.51693098716001,26.8735158593124,1.507,4.894,2283.281
4.16877374964001,1.51696683030707,26.8803362123093,1.507,4.894,2288.047
4.16944900790791,1.51510010268664,26.886986111414,1.507,4.894,2292.734
4.16994530234515,1.5152244281775,26.8974579645724,1.507,4.894,2297.422
4.17091379607356,1.51551239735026,26.9081296788763,1.507,4.894,2302.109
4.17167503760562,1.51736427872441,26.9145876479076,1.507,4.894,2306.797
4.17237183654789,1.51489026929294,26.9161188961174,1.507,4.894,2311.484
4.17315707531565,1.51346853629905,26.9222311670613,1.507,4.894,2316.172
4.17430364682268,1.51448696194982,26.9301081832849,1.507,4.899,2320.859
4.17473283874534,1.51514202438927,26.9359029021986,1.507,4.899,2325.562
4.17567365317963,1.51636038113127,26.9382748418587,1.507,4.899,2330.219
4.17642840709157,1.51639934200983,26.9477722725115,1.507,4.899,2334.969
4.1772843402258,1.51574661055589,26.9450871631904,1.507,4.899,2339.625
4.17822190488221,1.51747677245034,26.9581340108551,1.507,4.899,2344.344
4.17889464835749,1.51846651378456,26.9638857595163,1.507,4.899,2349.047
4.17928375550724,1.51378108342385,26.9736874250338,1.507,4.905,2353.719
4.18015896850118,1.5155854915658,26.9871679518995,1.507,4.905,2358.422
4.18099899763431,1.51700244130602,26.997986974571,1.507,4.905,2363.141
4.1819934293487,1.51403121578698,27.0136343980618,1.507,4.905,2367.859
4.18273696177229,1.51469367436448,27.0113868227187,1.507,4.905,2372.609
4.18345992487362,1.51516757533638,27.0230400118028,1.507,4.905,2377.328
4.18427184602446,1.51526328041988,27.0267468279324,1.507,4.91,2381.984
4.18451561694516,1.51645067527921,27.0343240051098,1.507,4.91,2386.719
4.18543563368215,1.51350084953577,27.0428389870956,1.507,4.91,2391.437
4.18618700962325,1.51499525885387,27.0460340458965,1.507,4.91,2396.109
4.18697254860011,1.51559388338176,27.0609612445997,1.507,4.91,2400.812
4.18787725796675,1.51467795992914,27.0674418931772,1.507,4.91,2405.531
4.18883903033309,1.51868706774581,27.0748241553672,1.507,4.91,2410.187
4.18921877656413,1.51425653825559,27.0780384665905,1.507,4.91,2414.891
4.18996313350077,1.51307977908464,27.0798439008467,1.507,4.915,2419.625
4.19089315171696,1.51822596323818,27.1003529011721,1.507,4.915,2424.312
4.1916797490565,1.51615365404187,27.1145824208992,1.507,4.915,2429
4.19229397835915,1.51618641152415,27.1216409303314,1.507,4.915,2433.766
4.1929948243785,1.51283276576123,27.1200382285162,1.507,4.915,2438.453
4.19368230251,1.51305810425549,27.1378251115892,1.507,4.915,2443.203
4.19447407949017,1.51641369524934,27.1411635491574,1.507,4.915,2447.891
4.19522226523722,1.51352897531438,27.1508606056282,1.507,4.921,2452.625
4.19603936843122,1.51686998470611,27.1608958779585,1.507,4.915,2457.328
4.19670829295382,1.51309017101924,27.1720766145348,1.507,4.921,2461.984
4.1973476190627,1.51535315464575,27.1717204528097,1.507,4.921,2466.703
4.19794369263562,1.51501840868103,27.1988820288029,1.507,4.921,2471.422
4.19901946155109,1.51556335521876,27.2033119347164,1.507,4.921,2476.109
4.19929951017474,1.51765926780268,27.2082802577748,1.507,4.921,2480.828
4.20025839835241,1.51382890026516,27.2068121874243,1.507,4.921,2485.562
4.19849199886295,1.49162266776027,27.2270555345044,1.481,4.91,2490.656
4.19929599643503,1.49190154967725,27.2309126442567,1.481,4.91,2495.484
4.19961134761055,1.48701658142085,27.2428947735458,1.479,4.91,2500.312
4.19918544776477,1.47822071873102,27.2461896593884,1.468,4.905,2505.141
4.19967553120303,1.47770887106884,27.2610551106232,1.467,4.905,2509.953
4.19944793796673,1.46546894033744,27.2770430606381,1.457,4.899,2514.766
4.19989500945726,1.46517371284991,27.2840106501531,1.457,4.899,2519.594
4.19942057789802,1.45384409438333,27.2922654926157,1.445,4.894,2524.406
4.19991148185176,1.45250789045096,27.305290205463,1.445,4.894,2529.219
4.19919855396235,1.44333944975403,27.3180500007918,1.434,4.888,2534.031
4.19971419148575,1.44016245362227,27.3099921042885,1.433,4.888,2538.859
4.19916210001178,1.4334534818852,27.332104742161,1.423,4.883,2543.703
4.19983328843995,1.43106124381242,27.3373417516109,1.421,4.883,2548.516
4.19934800164437,1.42030104839384,27.3476224862501,1.412,4.878,2553.344
4.19971149587623,1.41889176029313,27.3513449231264,1.41,4.878,2558.172
4.19966496808295,1.42133245689905,27.3571005924258,1.41,4.878,2562.984
4.20051078210394,1.41839822363188,27.3669447731325,1.409,4.878,2567.828
4.20066307227532,1.41942279316171,27.3807847642357,1.408,4.878,2572.687
4.20033628223027,1.40799719589868,27.3918411920276,1.398,4.872,2577.5
4.20000745502394,1.39569172512121,27.3970850471173,1.386,4.867,2582.312
4.19980832372293,1.39505230627917,27.4049806792165,1.386,4.867,2587.125
4.20044822475857,1.39438670564503,27.410443276019,1.386,4.867,2591.937
4.20095926013709,1.39226023598932,27.4189871192286,1.384,4.867,2596.75
4.20044351836915,1.3815719618092,27.4172043591506,1.375,4.861,2601.578
4.20002340121581,1.37189116793348,27.4242925323059,1.364,4.856,2606.391
4.2004400653594,1.37079915595141,27.4337745508693,1.364,4.856,2611.219
4.20067222369631,1.37244078821066,27.4344472699485,1.362,4.856,2616.031
4.20041957414059,1.36319094836451,27.4369263729327,1.351,4.851,2620.844
4.20082953949783,1.35841433120977,27.4486845414579,1.351,4.851,2625.703
4.20019898085798,1.34865395391232,27.4624224724137,1.34,4.845,2630.547
4.20061709113987,1.3484046836543,27.4683044157803,1.34,4.845,2635.359
4.20018315304974,1.33721753027647,27.4802677422496,1.329,4.84,2640.172
4.20001629123235,1.33563366590164,27.4860065675321,1.328,4.84,2644.984
4.20090894414933,1.33854350198172,27.4831010925755,1.328,4.84,2649.797
4.20040292857354,1.32628770556953,27.4838467853681,1.317,4.834,2654.609
4.19948953678634,1.3132602950983,27.4884577050571,1.307,4.829,2659.437
4.20007246792181,1.31461574402379,27.5023281207064,1.306,4.829,2664.281
4.20060064984434,1.31404601360529,27.5192249236966,1.306,4.829,2669.094
4.20003317899393,1.30132303512972,27.5213106896888,1.295,4.824,2673.922
4.20013000704125,1.30189261479813,27.5211246433771,1.295,4.824,2678.734
4.20078245462326,1.29997596820908,27.5206875140785,1.293,4.824,2683.891
4.20041730357044,1.29030680014156,27.5165144733575,1.282,4.818,2688.703
4.2003581178325,1.28740879316078,27.528461220976,1.282,4.818,2693.547
4.20098555119086,1.28835821708446,27.539922574683,1.281,4.818,2698.375
4.20043157472016,1.28002704537414,27.5401450456531,1.271,4.813,2703.219
4.20092057610919,1.28089496049605,27.536388364348,1.27,4.813,2708.047
4.20045286944278,1.26936026448518,27.5466744704148,1.26,4.807,2712.875
4.20095069570368,1.26793420463034,27.5509477623142,1.259,4.807,2717.719
4.20038964968048,1.25762513553207,27.545484375486,1.248,4.802,2722.547
4.20082931580018,1.25636375485469,27.5536942524016,1.248,4.802,2727.375
4.20044671085794,1.24620374622149,27.541120458693,1.237,4.797,2732.203
4.20063746359982,1.24263256134393,27.5494190844942,1.237,4.797,2737.062
4.20082513152218,1.24273575555671,27.5473771565071,1.235,4.797,2741.922
4.20141112811967,1.24252177765677,27.5598254589167,1.235,4.797,2746.734
4.20180906152001,1.24041252208492,27.5626338221795,1.234,4.797,2751.562
4.20109115809614,1.23094800773099,27.5668806589023,1.223,4.791,2756.391
4.20116945209587,1.21740886170293,27.5636276006557,1.213,4.786,2761.25
4.20128380238693,1.21951651056225,27.5758390997363,1.212,4.786,2766.125
4.20198800782472,1.21484409036587,27.5637552803966,1.21,4.786,2771.297
4.201197126085,1.20803317326886,27.5662769416346,1.199,4.78,2776.281
4.20068064473929,1.1964352462228,27.5699215357709,1.19,4.775,2781.594
4.20048801807839,1.18331739403576,27.565515565399,1.179,4.77,2786.672
4.20073594221175,1.18451453182683,27.5650135034882,1.179,4.764,2791.766
4.20121579529475,1.18527348954466,27.5630804998824,1.177,4.77,2796.797
4.2013514441245,1.18535001787832,27.5649827686949,1.176,4.77,2801.875
4.20181990339278,1.18208357408057,27.5616588461878,1.176,4.77,2806.969
4.20168247711747,1.1740069226443,27.5643565357435,1.165,4.764,2812.062
4.20107699694245,1.16106675419013,27.5643493811464,1.154,4.759,2817.078
4.20151492829884,1.16374333568945,27.5484155063262,1.154,4.759,2822.187
4.20189463495902,1.1566218976202,27.5519137228805,1.152,4.759,2827.312
4.20134150334674,1.14721227802559,27.5621011843822,1.141,4.748,2832.391
4.20104353629062,1.14071730054818,27.5479394477286,1.132,4.748,2837.484
4.20131869249915,1.13727587065923,27.5508775399535,1.13,4.748,2842.5
4.20178945402442,1.13646695045902,27.549921849814,1.13,4.748,2847.594
4.2014479317904,1.12516738281942,27.5395940364503,1.119,4.743,2852.672
4.20142207651248,1.12443495531128,27.5360291803923,1.118,4.743,2857.766
4.20204135219074,1.1230611463957,27.5299832994429,1.118,4.743,2862.844
4.20087136485068,1.10342848309324,27.5319909388138,1.097,4.732,2867.937
4.20063047716591,1.09516292065691,27.531139822343,1.088,4.726,2872.953
4.20099788260208,1.0944735571471,27.5204483778902,1.088,4.726,2878.062
4.20037134676504,1.08613671455444,27.5121815910187,1.076,4.721,2883.125
4.20074444821719,1.08382767996632,27.5023196819381,1.075,4.721,2888.203
4.20114622844612,1.08207932082014,27.4971769849899,1.075,4.721,2893.219
4.20141639191638,1.07963976874168,27.4941118057785,1.074,4.721,2898.312
4.20181532591906,1.08170284287083,27.4920508367341,1.074,4.721,2903.422
4.20165853261601,1.06667761903823,27.4855362981939,1.063,4.71,2908.516
4.20078309103741,1.06105364994947,27.48175350255,1.052,4.705,2913.609
4.20119829561974,1.0599167679162,27.4740219098013,1.052,4.71,2918.687
4.20136537310944,1.04015609634098,27.4734007118846,1.041,4.699,2923.703
4.20057335409495,1.03716365036712,27.461544882388,1.031,4.699,2928.797
4.20064845511032,1.03844363928693,27.454973244499,1.03,4.699,2933.906
4.20131199599769,1.0351346529136,27.4411613160165,1.028,4.699,2939.016
4.2015704242741,1.03552444202565,27.4358151136309,1.028,4.699,2944.094
4.20134871319266,1.02638478088469,27.4255516388317,1.016,4.694,2949.187
4.20155246221723,1.02061165058343,27.4246241282861,1.016,4.694,2954.203
4.20115625002966,1.01176206071602,27.4150242549927,1.005,4.689,2959.312
4.20145572590846,1.01109325107707,27.4090660247262,1.005,4.689,2964.375
4.20155280404258,1.01061181237242,27.3929116616623,1.003,4.689,2969.469
4.20209034987553,1.00927934752303,27.3877161537277,1.003,4.689,2974.547
4.20278004041215,1.00724754931845,27.3807326792986,1.002,4.683,2979.641
4.20150598030898,0.989353314207813,27.3718857780513,0.983,4.678,2984.656
4.20153005151389,0.988722895052804,27.3617803080593,0.981,4.678,2989.766
4.20222148636407,0.987167819896249,27.3668989419189,0.98,4.678,2994.859
4.20249685181648,0.987478723768517,27.3408573604387,0.98,4.672,2999.922
4.20126476802042,0.967161609650106,27.3400615998746,0.959,4.667,3004.953
4.20049758702371,0.956830530715723,27.3318195181156,0.948,4.656,3010.078
4.19999506411408,0.945723843163831,27.3210938965746,0.938,4.656,3015.109
4.20017447227108,0.943784884101712,27.2993944656793,0.938,4.651,3020.187
4.20029029799988,0.947207841476021,27.2908160956686,0.937,4.651,3025.281
4.20097010152869,0.943642308747854,27.2909446358417,0.937,4.656,3030.359
4.20044008056945,0.930936640772299,27.2741134455653,0.926,4.651,3035.375
4.19990832447328,0.922107970095955,27.2645957602022,0.916,4.64,3040.5
4.19926167890236,0.910685033639983,27.2512087661199,0.905,4.635,3045.594
4.19850434664848,0.901752182851605,27.2409841872767,0.896,4.635,3050.672
4.19907613012037,0.902353522151487,27.2343354935455,0.896,4.635,3055.766
4.19925945170042,0.901639326238875,27.2227344257001,0.894,4.635,3060.859
4.19947530822658,0.898206414441499,27.2110365353323,0.894,4.635,3065.875
4.19983989855466,0.898910840651016,27.1959653910056,0.893,4.635,3070.969
4.20016283211998,0.897699429879365,27.1812478126061,0.893,4.629,3076.094
4.19956662198254,0.885126166234202,27.1705458143357,0.882,4.624,3081.187
4.198708483124,0.879804937386798,27.1600925059379,0.871,4.619,3086.297
4.19823334823741,0.869831160024517,27.1471856469042,0.861,4.619,3091.375
4.19880325496977,0.867219843324939,27.1353255642556,0.861,4.613,3096.469
4.1989566621996,0.866351679259701,27.1187998408165,0.86,4.619,3101.547
4.19893367036371,0.865668869821335,27.1040475292525,0.86,4.619,3106.562
4.1993584971247,0.860052046287047,27.0975985082172,0.858,4.619,3111.672
4.19896191704366,0.855548710582806,27.0751955210882,0.849,4.613,3116.75
4.19921113641056,0.855538951864903,27.0744736390997,0.849,4.608,3121.828
4.19941304209247,0.852107351858921,27.0569411988627,0.847,4.613,3126.906
4.19886353462741,0.839013058392191,27.0454410748793,0.836,4.608,3132.031
4.19910702779886,0.842085326646052,27.0231161282841,0.836,4.608,3137.047
4.19852456818236,0.832148193375048,27.0175029309009,0.827,4.597,3142.141
4.19799818352138,0.818470747506516,27.0044952201823,0.816,4.597,3147.219
4.19836494288971,0.822458058508004,26.9861795280131,0.816,4.592,3152.297
4.19744228854506,0.809437747561261,26.9734737535094,0.806,4.586,3157.391
4.19787806651908,0.812981566621566,26.9543248960784,0.805,4.592,3162.469
4.19703628817307,0.798431108462954,26.939530682651,0.794,4.581,3167.5
4.19749061321923,0.800816688046859,26.9223556226773,0.794,4.581,3172.562
4.19750950207226,0.799599368431355,26.9130106464717,0.794,4.581,3177.641
4.19773040004524,0.797845712406506,26.8937309542476,0.794,4.581,3182.734
4.19716907486774,0.786955375282658,26.8851013209759,0.783,4.575,3187.75
4.1976306612593,0.787592186867364,26.8616724949884,0.783,4.575,3192.859
4.19674451078488,0.779367311243385,26.8566864450265,0.773,4.575,3197.969
4.19700185669116,0.777966531332052,26.848681813395,0.773,4.57,3203.062
4.19821005905337,0.786037403209548,26.8420296627556,0.781,4.575,3208.141
4.19767652295215,0.776306584030549,26.812949384641,0.772,4.57,3213.234
4.19693539037549,0.768160986365082,26.7920101229616,0.76,4.57,3218.25
4.19702950535809,0.765420976701254,26.7877254473726,0.76,4.565,3223.312
4.19762526780286,0.763630214812382,26.77292957889,0.76,4.565,3228.391
4.19769814209386,0.765276060464872,26.7561063146792,0.759,4.565,3233.484
4.1978588632895,0.76513002382738,26.740298086271,0.759,4.57,3238.516
4.19809018907604,0.762042956840678,26.7307288755772,0.759,4.57,3243.609
4.19834494670569,0.761596445900296,26.7238093417292,0.758,4.565,3248.687
4.19869267956067,0.762812667117634,26.7049984786308,0.758,4.565,3253.797
4.19873638778506,0.765357168389585,26.69630227418,0.756,4.565,3258.891
4.19826076874329,0.753566745817236,26.6801748377428,0.747,4.559,3263.969
4.19801297441129,0.741988706975463,26.6615076117741,0.736,4.554,3269
4.19786455559549,0.739590492976535,26.6381652868746,0.736,4.554,3274.062
4.19792395047324,0.741636462061851,26.6312007537973,0.736,4.554,3279.141
4.19818839600807,0.739236039198449,26.627595354734,0.734,4.554,3284.234
4.19852734937533,0.738773330527811,26.6042671086011,0.734,4.554,3289.266
4.19885361225071,0.738790192698779,26.600354058585,0.734,4.554,3294.359
4.19827711607692,0.727895225525731,26.5824554183635,0.723,4.548,3299.453
4.19776937006738,0.717686413723172,26.5727316363167,0.714,4.543,3304.562
4.19773541684094,0.720295954680244,26.5674087347353,0.714,4.543,3309.656
4.19810119755531,0.718232155930909,26.554952641114,0.712,4.543,3314.734
4.19830357711302,0.718545216783098,26.5326554356961,0.712,4.543,3319.828
4.19846035629462,0.71728907678317,26.5123185425507,0.712,4.543,3324.844
4.19883025153649,0.714526371187646,26.5010235577887,0.711,4.543,3329.922
4.19792137975522,0.707345964948696,26.4891713564901,0.701,4.538,3335
4.19817114216644,0.703482540680472,26.4743383396317,0.7,4.538,3340.094
4.19858168246815,0.702103378219782,26.4620025373117,0.7,4.538,3345.172
4.19790545080914,0.693212374661105,26.4572086504453,0.69,4.532,3350.187
4.19702760467604,0.686315198421232,26.4403175305867,0.679,4.532,3355.281
4.19735573016476,0.685235108783309,26.4233459377864,0.679,4.527,3360.344
4.19824141602049,0.695449656254582,26.41211394333,0.689,4.532,3365.422
4.19784504143382,0.684426437864634,26.3946629155871,0.678,4.527,3370.437
4.19775697978852,0.684940798647493,26.3849536765004,0.678,4.532,3375.531
4.19817402489581,0.679515944919327,26.3680804284112,0.678,4.527,3380.719
4.19814874353054,0.681392974544688,26.3486532717208,0.678,4.527,3385.766
4.19863589431629,0.682526273395209,26.3372909192632,0.676,4.532,3390.797
4.19801898810105,0.670634495018179,26.3356677319772,0.667,4.521,3395.875
4.19734495454564,0.660569758642121,26.3131238505331,0.656,4.516,3400.969
4.19733669553306,0.660120809345021,26.3029307071282,0.656,4.516,3405.984
4.19736686859484,0.662326111259629,26.2799880388486,0.656,4.516,3411.047
4.19757930211688,0.662234049470923,26.2646028209701,0.656,4.516,3416.141
4.19785698635558,0.660219983448677,26.2423140014429,0.654,4.516,3421.234
4.1981466386723,0.65953639967825,26.2443708400198,0.654,4.516,3426.312
4.19823469077802,0.658958926674834,26.2302599134581,0.654,4.516,3431.344
4.19809883073638,0.661400838641565,26.2144142983155,0.653,4.516,3436.437
4.19893369994582,0.659531959447896,26.2126571841883,0.653,4.516,3441.5
4.19809216516399,0.647939686194299,26.1915071772645,0.643,4.511,3446.594
4.19798676368534,0.646799673549425,26.1835929526671,0.643,4.511,3451.703
4.19881911231098,0.651207454570915,26.163486474386,0.642,4.511,3456.797
4.19748820117073,0.63755385528993,26.1488325014594,0.632,4.505,3461.812
4.19783240088987,0.636034953808997,26.1445894452267,0.632,4.505,3466.891
4.19787369797515,0.636651329255957,26.1234141559668,0.631,4.505,3471.969
4.19808608657005,0.636845628764853,26.1096032164491,0.631,4.505,3477.047
4.1985781063296,0.637792305360087,26.0928572982464,0.631,4.505,3482.141
4.19794383013666,0.625276861145091,26.0877261131045,0.621,4.5,3487.156
4.19771854437181,0.625633977840049,26.0742313258458,0.62,4.5,3492.25
4.19788846947133,0.627031717794755,26.0582148224851,0.62,4.5,3497.344
4.1980962391916,0.624980067037519,26.0475431054956,0.62,4.5,3502.422
4.19839360096208,0.62387980759175,26.027772333988,0.62,4.5,3507.531
4.19857681457585,0.624669782327393,26.0166635414834,0.618,4.5,3512.609
4.19780161778722,0.615223122714524,26.0152304727773,0.609,4.494,3517.625
4.19786426902967,0.613931645129633,26.0046807992691,0.609,4.494,3522.719
4.19837511544669,0.612732607648596,25.9851870682563,0.607,4.494,3527.812
4.19862590118718,0.610777725477877,25.9775775195197,0.607,4.494,3532.906
4.19784437681955,0.602964421210374,25.9578797765759,0.598,4.489,3538
4.19785619109245,0.601226833685961,25.9485044623038,0.598,4.489,3543.047
4.19802551380669,0.601168426124575,25.940760592278,0.598,4.489,3548.141
4.19815769344402,0.600369042308295,25.9397959579866,0.596,4.489,3553.219
4.19834740012813,0.600133576846578,25.9181360309299,0.596,4.489,3558.25
4.19836642011461,0.602986408952806,25.9118523729246,0.596,4.489,3563.344
4.19863738108642,0.601240063510794,25.9011327773102,0.595,4.489,3568.453
4.19809568668337,0.589997033144166,25.8787376237488,0.585,4.484,3573.562
4.19851453390598,0.591456319559018,25.8759605498998,0.585,4.484,3578.656
4.19827432015395,0.588659716935453,25.8610613791337,0.585,4.484,3583.75
4.19832909904722,0.589368846180861,25.8507269211175,0.585,4.484,3588.766
4.19856615363245,0.588915144441111,25.8453282698849,0.584,4.484,3593.844
4.19900655408895,0.588324160857285,25.8234269760443,0.584,4.484,3598.937
4.19911335568002,0.587393127099342,25.8015114665594,0.584,4.484,3604.016
4.19921291777534,0.588834049704229,25.7988475982877,0.582,4.484,3609.031
4.19940887525743,0.588246766061405,25.7789700156851,0.582,4.484,3614.109
4.19963257788231,0.585206009799772,25.7706953865434,0.582,4.484,3619.203
4.19892097492797,0.576911357779367,25.7662213930833,0.573,4.478,3624.281
4.19820718267812,0.564209099754752,25.7522382020934,0.562,4.473,3629.375
4.19847395395768,0.5671719970698,25.7341801694756,0.562,4.473,3634.406
4.19846227517312,0.565900477569218,25.7348992203827,0.562,4.473,3639.516
4.19854646846896,0.563425933302838,25.7172063795454,0.56,4.473,3644.594
4.19864224482436,0.567177221120383,25.701480342433,0.56,4.473,3649.687
4.19817175620053,0.555583199281625,25.6906649584683,0.551,4.467,3654.766
4.19816005668118,0.554700663140603,25.6842470002708,0.551,4.467,3659.859
4.19845749935987,0.552077302183298,25.669053785922,0.551,4.467,3664.875
4.19845182481816,0.553478023656663,25.6561120877626,0.551,4.467,3669.984
4.19859098139865,0.554545658852214,25.6358537419427,0.549,4.467,3675.062
4.1980289913461,0.544926132751812,25.6332225482971,0.54,4.462,3680.156
4.19799506601915,0.545017319444531,25.6145851981268,0.54,4.462,3685.234
4.19800541826739,0.543121341676432,25.6137727212535,0.54,4.462,3690.25
4.1982243661534,0.543017438631754,25.6029045402443,0.54,4.462,3695.312
4.19854521501632,0.542273838079615,25.5952420497438,0.538,4.462,3700.375
4.19881195782728,0.542541805559887,25.589810801402,0.538,4.462,3705.406
4.19791365882545,0.532306597339982,25.5757154147174,0.529,4.457,3710.453
4.19794050599754,0.531349958227561,25.5655735399906,0.529,4.457,3715.531
4.19794198105849,0.532342480458617,25.5515774270711,0.529,4.457,3720.625
4.19811265374024,0.534038544080971,25.5418265984113,0.527,4.457,3725.641
4.19811243034231,0.531044028637161,25.5254685433448,0.527,4.457,3730.734
4.19836239228875,0.534112683799134,25.5103088984886,0.527,4.457,3735.812
4.19854401726971,0.531464535558003,25.5073071331589,0.527,4.457,3740.922
4.19899493327921,0.530615061720618,25.4917412586164,0.526,4.457,3746.031
4.1989818079705,0.528146612081752,25.4786815557786,0.526,4.457,3751.047
4.19899405884062,0.532164487558191,25.4737974720372,0.526,4.457,3756.109
4.19911266563071,0.531454570671469,25.4652684654434,0.526,4.457,3761.172
4.1995043188799,0.529287835751063,25.4602642637133,0.524,4.457,3766.266
4.19971393313637,0.530699422646211,25.4433285032252,0.524,4.457,3771.281
4.19907488455901,0.519267914420219,25.4379814447076,0.513,4.451,3776.344
4.19800037170308,0.509266479134958,25.4218149338846,0.504,4.446,3781.437
4.19813850010826,0.507758510216097,25.4171605808439,0.504,4.446,3786.5
4.19815421623928,0.509633427145901,25.4100212549263,0.504,4.446,3791.594
4.19868376948289,0.506599810197071,25.4054752640903,0.504,4.446,3796.609
4.19840262764863,0.50877869145291,25.3922118711753,0.504,4.446,3801.687
4.1986559948196,0.507747912727177,25.3874137125331,0.504,4.446,3806.766
4.19883473026908,0.507048543420004,25.3782542054666,0.502,4.446,3811.844
4.19900209017534,0.505052966647242,25.3716794725449,0.502,4.446,3816.937
4.19915732216063,0.507446735819465,25.3579046456856,0.502,4.446,3821.953
4.19913765881817,0.507563399082238,25.3458847938598,0.502,4.446,3827.031
4.19953484264486,0.50646622739056,25.3381119075202,0.502,4.446,3832.109
4.19962682176934,0.507268418898234,25.3243602823565,0.501,4.446,3837.203
4.19904310599019,0.495061684027955,25.3154508784687,0.491,4.44,3842.312
4.19829158777555,0.486071052791527,25.3019157397663,0.482,4.435,3847.328
4.19809595775572,0.485536675036591,25.2953311284943,0.482,4.435,3852.469
4.19817082229924,0.484681700752471,25.2876173357365,0.482,4.435,3857.547
4.19852779730279,0.485953971059933,25.272602354167,0.482,4.435,3862.641
4.1985962884731,0.483757360328406,25.2610107694718,0.48,4.435,3867.656
4.19873258909246,0.483711989011729,25.2467791048189,0.48,4.435,3872.719
4.19890886258127,0.483297927382436,25.2362025199284,0.48,4.435,3877.812
4.1991409830512,0.483910310271703,25.2325248662605,0.48,4.435,3882.891
4.19922047192199,0.48315544078538,25.2246055602209,0.479,4.435,3887.984
4.19908182789819,0.483798999524971,25.2197752262544,0.479,4.435,3893
4.19959973911374,0.482285852684046,25.2018938412547,0.479,4.435,3898.078
4.19877967592245,0.472866399890132,25.1942144105,0.468,4.43,3903.156
4.19887481174843,0.468975748875626,25.1898633501682,0.468,4.43,3908.234
4.19901471395949,0.474016162945215,25.1901120953994,0.468,4.43,3913.328
4.19896709163942,0.472631366299142,25.1701329565922,0.468,4.43,3918.375
4.19905457864252,0.473119046721657,25.1612325045144,0.468,4.43,3923.422
4.19922321205756,0.46777661435548,25.1552423230808,0.467,4.43,3928.5
4.19944662077407,0.470661558271479,25.1470373588781,0.467,4.43,3933.594
4.19943948132962,0.472324686826612,25.1289267760642,0.467,4.43,3938.609
4.19972764683286,0.469359634440772,25.1203549960512,0.467,4.43,3943.672
4.19893240814769,0.460181879911386,25.1154612410678,0.457,4.424,3948.781
4.19905431690963,0.459078410052794,25.1022987320251,0.455,4.424,3953.891
4.1990282928022,0.459257494918266,25.0956271657913,0.457,4.424,3958.969
4.19915127760839,0.459307390298929,25.0818631344819,0.455,4.424,3964.078
4.19940943956161,0.459758522472704,25.0774489169735,0.455,4.424,3969.187
4.19973761530803,0.459361051305612,25.0726998632283,0.455,4.424,3974.25
4.19880229549661,0.448834351904809,25.0691616675307,0.446,4.419,3979.359
4.19913105679039,0.450135944470819,25.0553582225707,0.446,4.419,3984.484
4.19890552458852,0.447801334876844,25.0528982841903,0.444,4.419,3989.547
4.19917361204765,0.448664636363219,25.0413734256416,0.444,4.419,3994.656
4.19926812127239,0.448220236691524,25.0324773383363,0.444,4.419,3999.734
4.19929270905613,0.449285915349784,25.0104250809192,0.444,4.419,4004.828
4.1992190546581,0.445810169008542,25.0117843989842,0.444,4.419,4009.937
4.19978980944224,0.446495164014053,25.0002975305834,0.444,4.419,4015.062
4.19903207193259,0.436663398807839,24.9968484731481,0.435,4.413,4020.187
4.19807896334538,0.430532954240111,24.9961475661003,0.424,4.408,4025.219
4.19829435417848,0.426737847142777,24.9750565436754,0.424,4.408,4030.359
4.19786003669917,0.427110639968792,24.9762626466309,0.424,4.408,4035.453
4.19821925874975,0.427636436662228,24.9647693065676,0.424,4.408,4040.547
4.19834662557766,0.426260272735678,24.9454024053484,0.424,4.408,4045.656
4.19835806074962,0.424023622276525,24.9428032902863,0.422,4.408,4050.75
4.19844462162074,0.425659018002577,24.9386163187309,0.422,4.408,4055.844
4.19821519121757,0.424705937261476,24.9323098033418,0.422,4.408,4060.953
4.19831923384423,0.426710978399346,24.9148116408112,0.422,4.408,4066.031
4.19875976239928,0.427566579677868,24.9194562851832,0.422,4.408,4071.125
4.1987826515417,0.423731687245427,24.9146419595996,0.422,4.408,4076.234
4.19910898438368,0.42619112311229,24.9030520362326,0.421,4.408,4081.328
4.19927261452314,0.422359517367525,24.9001279691322,0.421,4.408,4086.437
4.19919743749106,0.423402031411345,24.8919134398376,0.421,4.408,4091.453
4.19944074748946,0.423339943501427,24.8844811582449,0.421,4.408,4096.547
4.1993356090104,0.42571551089613,24.8762312132975,0.421,4.408,4101.656
4.19962587170151,0.420478930356239,24.8696734983968,0.421,4.408,4106.734
4.19900259975717,0.414322537889552,24.8539832050008,0.41,4.403,4111.844
4.19901017921191,0.409947128363623,24.8575822605186,0.41,4.403,4116.891
4.19900527310575,0.412025520577681,24.8583130988894,0.41,4.403,4121.969
4.1991003403225,0.414250246216151,24.8431243612605,0.41,4.403,4127.062
4.1995123635778,0.413790680216646,24.8413405829621,0.41,4.403,4132.156
4.19952863079401,0.414244845477226,24.8214939154044,0.41,4.403,4137.25
4.19947600693927,0.413721765410974,24.8221866848454,0.41,4.403,4142.344
4.19966864324494,0.414736448765602,24.8104675634327,0.409,4.403,4147.437
4.19861764120598,0.40251881500276,24.8139483459908,0.399,4.397,4152.531
4.19894976566726,0.403934930864225,24.8045792456813,0.399,4.397,4157.641
4.19924506742608,0.404429347499103,24.7982227917208,0.399,4.397,4162.734
4.19928443806407,0.401624912420553,24.7827187497138,0.399,4.397,4167.75
4.19933478293701,0.402666592587314,24.7679216301542,0.399,4.397,4172.812
4.19908317608808,0.398919684923832,24.7650137401008,0.398,4.397,4177.906
4.19919009110594,0.400950958343298,24.7648925375064,0.398,4.397,4183
4.19936540126187,0.399811001822851,24.7394361030605,0.398,4.397,4188.078
4.19971876359995,0.401965842607661,24.7463584024826,0.398,4.397,4193.172
4.1990180725378,0.391924551353584,24.7358658971131,0.388,4.392,4198.203
4.19872903851749,0.389618777346328,24.7363007851876,0.388,4.392,4203.25
4.19903734382475,0.390536878292135,24.7157315529292,0.386,4.392,4208.344
4.19903097458054,0.390820694843994,24.7091605440316,0.388,4.392,4213.437
4.19925178996328,0.392270491078299,24.7097735575895,0.386,4.392,4218.453
4.19938636450303,0.391049502416666,24.7012161885926,0.386,4.392,4223.562
4.19917870049529,0.388750052965547,24.6877486711747,0.386,4.392,4228.625
4.19948294899724,0.389642117468974,24.6865567155842,0.386,4.392,4233.75
4.19952420369296,0.389060597166449,24.6782622591754,0.386,4.392,4238.875
4.19960319187769,0.391889634082416,24.660960577559,0.386,4.392,4243.937
4.19891129266474,0.382507612190734,24.6631287723337,0.377,4.386,4249.062
4.19888663041788,0.380748890382031,24.6444389708588,0.375,4.386,4254.172
4.19883863152242,0.379959746528381,24.6431797919388,0.375,4.386,4259.25
4.19897435811388,0.380146629789395,24.645813959186,0.375,4.386,4264.359
4.19916056486306,0.380895358202191,24.6396389352362,0.375,4.386,4269.406
4.19930087612829,0.379779316909716,24.6249722260862,0.375,4.386,4274.5
4.19948406602929,0.378804406889431,24.6232564115575,0.375,4.386,4279.594
4.19970934252336,0.377401272174613,24.6169809649707,0.375,4.386,4284.625
4.19874880756783,0.366244255131038,24.614329412885,0.364,4.381,4289.687
4.19909222826783,0.368821398644657,24.6145976831877,0.366,4.381,4294.812
4.19889234397299,0.367990613873277,24.6000451610567,0.364,4.381,4299.875
4.19868279733237,0.370635572049773,24.598135267576,0.364,4.381,4304.984
4.1989510211692,0.366798782221593,24.5958612714221,0.364,4.381,4310.094
4.19927979162498,0.36980294390691,24.5913961669259,0.364,4.381,4315.172
4.19935822429013,0.368049905686111,24.5795797765387,0.364,4.381,4320.266
4.19908669426767,0.367121362874155,24.5776513996338,0.364,4.381,4325.359
4.1993336613004,0.365559921869184,24.5705070889675,0.364,4.381,4330.453
4.19942801851328,0.368498871371643,24.5576944948307,0.364,4.381,4335.562
4.19933944226033,0.365653207771199,24.550839964287,0.363,4.381,4340.656
4.19955164437514,0.368313833328521,24.5444188245731,0.363,4.381,4345.687
4.19894745610772,0.357829555294392,24.5410150297888,0.353,4.376,4350.75
4.19910566948565,0.358839584812227,24.5340271519867,0.353,4.376,4355.844
4.19891089106914,0.359145815810032,24.5315021256753,0.353,4.376,4360.922
4.1990716878056,0.358478462895121,24.5154772605464,0.353,4.376,4365.953
4.19922431507787,0.357656856440214,24.5124225685804,0.353,4.376,4371.031
4.19954761942007,0.35679085965473,24.5085081850562,0.353,4.376,4376.125
4.19938048268427,0.355979743790728,24.4994337073566,0.353,4.376,4381.234
4.19923519075292,0.355759940311075,24.4994268002225,0.353,4.376,4386.344
4.19944092225894,0.355924931215582,24.4870630877509,0.352,4.376,4391.437
4.19980909711093,0.355030880151246,24.4837976784334,0.352,4.376,4396.547
4.19953761200652,0.351975028940758,24.4861225836555,0.352,4.376,4401.641
4.19985791430964,0.356691615719368,24.467271098564,0.352,4.376,4406.734
4.20028942166562,0.355175983211979,24.4703302812402,0.352,4.376,4411.828
4.19992908351455,0.354023500510328,24.4599374213656,0.352,4.376,4416.922
4.19996356126386,0.355601616915664,24.4498262748572,0.351,4.376,4422.016
4.20010622650701,0.356065784447423,24.4516492365055,0.351,4.376,4427.047
4.20039837772245,0.352995699969817,24.4353615841039,0.351,4.376,4432.125
4.20058164254587,0.351664237653095,24.4280108326625,0.351,4.376,4437.234
4.19959919734404,0.343028979672577,24.4214438009509,0.341,4.37,4442.359
4.19877049393307,0.332617123864842,24.4219036641852,0.33,4.365,4447.422
4.19879158001811,0.334357243464762,24.4145477733743,0.33,4.365,4452.516
4.19926342231546,0.335633543210313,24.4038914156798,0.33,4.365,4457.625
4.19875601708476,0.330573994629492,24.3935540934082,0.33,4.365,4462.75
4.19861348800632,0.333308595984463,24.3964914298251,0.33,4.365,4467.812
4.19901954352455,0.332466242152841,24.3830070781971,0.33,4.365,4472.937
4.1989684637717,0.331489221765162,24.3870476494785,0.33,4.365,4478.047
4.19916964618193,0.333697164440585,24.3822522267081,0.33,4.365,4483.156
4.1994058303278,0.333830695462088,24.3705092128154,0.33,4.365,4488.266
4.1991804258212,0.332004964640152,24.3704399342775,0.33,4.365,4493.344
4.19922869041974,0.332119409748128,24.3599329904914,0.33,4.365,4498.469
4.19919524754043,0.333187939596038,24.3513916742534,0.33,4.365,4503.547
4.19928833718561,0.335040973953628,24.3435409360561,0.329,4.365,4508.672
4.19949131734788,0.332478800085329,24.3390245007426,0.329,4.365,4513.734
4.19977622214031,0.330725376425439,24.3375950026378,0.329,4.365,4518.859
4.19974908632271,0.329743912798511,24.3284826550556,0.329,4.365,4523.922
NaN,NaN,NaN,0.329,4.365,4528.156
4.19990436638136,0.334270581868897,24.319011968419,0.329,4.365,4533.187
4.20000015162696,0.331823100252813,24.3124508418179,0.329,4.365,4538.281
4.20017329709942,0.331732862165906,24.3064135081505,0.327,4.365,4543.375
4.20025747296343,0.332203511758502,24.2967642668937,0.327,4.365,4548.484
4.20044525328946,0.330671025161107,24.2832890922553,0.327,4.365,4553.578
4.20031443565461,0.330641564271382,24.2861241548088,0.327,4.365,4558.672
4.20030616924263,0.329476414599173,24.2786780589896,0.327,4.365,4563.781
4.20055868302054,0.329751856511204,24.2746316335504,0.327,4.365,4568.875
4.19997751966059,0.318267812298223,24.2750831912999,0.317,4.359,4573.953
4.19921348702409,0.311000487741888,24.2653879054712,0.306,4.354,4579.031
4.19885783764252,0.309242030232807,24.2536071775709,0.308,4.354,4584.141
4.19891519281077,0.309295219606711,24.2472349722042,0.308,4.354,4589.234
4.19879112467238,0.311919741436934,24.2466105931997,0.308,4.354,4594.328
4.19893076196491,0.307683830134556,24.2403409092621,0.308,4.354,4599.453
4.19900709036629,0.311301831720134,24.2252962798272,0.308,4.354,4604.562
4.19910205853263,0.309853351250754,24.2343263986277,0.306,4.354,4609.656
4.19950821914667,0.311401276611514,24.2191753943735,0.306,4.354,4614.734
4.19939752001838,0.30929168795481,24.213512502442,0.306,4.354,4619.828
4.1992251047775,0.309411522464566,24.2092631835321,0.306,4.354,4624.844
4.19948459173467,0.311008803619709,24.2085754153038,0.306,4.354,4629.906
4.19953471852027,0.307237837977364,24.2103059343903,0.306,4.354,4634.984
4.1995845734922,0.309325954174573,24.2077966978348,0.306,4.354,4640.062
4.19883530973919,0.297008084489437,24.199057007137,0.295,4.349,4645.141
4.19837769437484,0.298789780121929,24.1946670705665,0.297,4.349,4650.156
4.19871060518011,0.300840303065567,24.1894255200563,0.297,4.349,4655.203
4.19898128166542,0.299333640152116,24.1866333420229,0.295,4.349,4660.312
4.19891970405268,0.300455360848625,24.1774727711263,0.295,4.349,4665.406
4.19887662312371,0.298462507135221,24.1689113566548,0.295,4.349,4670.516
4.19889146617964,0.296546317725573,24.1629720469493,0.295,4.349,4675.562
4.19885605032194,0.300800794553231,24.1559957098931,0.295,4.349,4680.672
4.19915845869055,0.298778673868168,24.1539049674129,0.295,4.349,4685.734
4.1993009628981,0.296952168677425,24.1434974188355,0.295,4.349,4690.828
4.19902522993572,0.296091115805221,24.1367913610173,0.295,4.349,4695.937
4.19954142356178,0.298044599764575,24.1326502321468,0.295,4.349,4700.984
4.19943185141725,0.298196332764329,24.1309370784848,0.294,4.349,4706.062
4.19938928801227,0.299046729902447,24.12956471682,0.294,4.349,4711.141
4.19965009580115,0.300042819517831,24.1174990809823,0.294,4.349,4716.156
4.19984719371285,0.293081321042337,24.1186207895545,0.294,4.349,4721.219
4.19961242587523,0.29616371054067,24.1184323698727,0.294,4.349,4726.312
4.19978580989141,0.299727424869188,24.1081328278272,0.294,4.349,4731.391
4.19990638025941,0.295717525056712,24.1056730871883,0.294,4.349,4736.469
4.19985684293472,0.299367894635295,24.091328383712,0.294,4.349,4741.484
4.20022612144622,0.298735304092245,24.0918395541317,0.293,4.349,4746.547
4.20052021877645,0.296584929513751,24.0798285707299,0.293,4.349,4751.656
4.20027647485422,0.296021806674674,24.082645459807,0.293,4.349,4756.719
4.20040181013652,0.29588903961896,24.0809373933218,0.293,4.349,4761.812
4.2005985858192,0.297289658617557,24.075960632187,0.293,4.349,4766.937
4.19967895785511,0.282111682537852,24.0737843763528,0.282,4.343,4772.031
4.19880597584223,0.275968968607775,24.05698901143,0.272,4.338,4777.109
4.19903538345319,0.276733337491782,24.0612796962678,0.272,4.338,4782.203
NaN,NaN,NaN,0.272,4.338,4786.328
4.19881373216035,0.277993963233209,24.0444562930707,0.272,4.338,4791.375
