Voltages,Currents,Temperatures,Charge Currents,Charge Voltages,Time step
3.53021517,-0.00328741275,33.7507385,0,-0.007,0
3.20731365,-3.6319134,33.6704588,-3.653,1.466,2.484
3.5944473,1.51523908,33.6710748,1.507,4.305,9.422
3.65074691,1.51669196,33.6678498,1.507,4.376,16.219
3.67967391,1.51690612,33.6133133,1.507,4.408,22.938
3.70243046,1.51611154,33.5285158,1.507,4.43,29.656
3.72153949,1.51484979,33.4318462,1.507,4.451,36.391
3.73837365,1.51800553,33.3314475,1.507,4.467,43.109
3.75361359,1.51591184,33.2249396,1.507,4.484,49.875
3.76751978,1.51775294,33.1288707,1.507,4.5,56.563
3.77940079,1.51692224,33.0455149,1.507,4.511,63.281
3.79037315,1.51595303,32.9486949,1.507,4.521,70.031
3.8008353,1.51671146,32.859726,1.507,4.532,76.734
3.80985435,1.51727582,32.7721366,1.507,4.543,83.484
3.81784471,1.51375667,32.6800262,1.507,4.548,90.219
3.82499599,1.51462541,32.5952355,1.507,4.559,96.906
3.83054486,1.51354141,32.5075923,1.507,4.565,103.656
3.83540604,1.5163108,32.4332269,1.507,4.57,110.344
3.83982891,1.51591226,32.345269,1.507,4.575,117.078
3.84339271,1.51571882,32.2779172,1.507,4.575,123.781
3.84657378,1.51365777,32.2054868,1.507,4.581,130.469
3.84984972,1.51556212,32.1251202,1.507,4.581,137.172
3.85226115,1.51559536,32.0566727,1.507,4.586,143.859
3.85515959,1.51553616,31.9701708,1.507,4.586,150.609
3.85756294,1.51427397,31.8989828,1.507,4.592,157.328
3.86009671,1.51547473,31.8380955,1.507,4.592,164.031
3.86274724,1.51568506,31.7586081,1.507,4.597,170.734
3.86527824,1.515739,31.6911223,1.507,4.597,177.438
3.86765143,1.51638139,31.6406164,1.507,4.602,184.125
3.87018075,1.51605607,31.596804,1.507,4.602,190.813
3.87262214,1.51327208,31.5188367,1.507,4.602,197.516
3.87502606,1.51477894,31.4620689,1.507,4.608,204.203
3.87747035,1.51584191,31.4048844,1.507,4.608,210.891
3.87974322,1.51586115,31.3560511,1.507,4.613,217.594
3.88200335,1.51696001,31.3007332,1.507,4.613,224.297
3.8844356,1.51751188,31.2237865,1.507,4.613,230.984
3.88647256,1.51644707,31.1705357,1.507,4.619,237.734
3.88900983,1.51688304,31.1189466,1.507,4.619,244.422
3.89148708,1.51434168,31.0605269,1.507,4.624,251.453
3.89365219,1.51380662,30.9937997,1.507,4.624,258.297
3.89588794,1.51504887,30.9558351,1.507,4.629,265.109
3.89814466,1.5154258,30.9204006,1.507,4.629,271.938
3.90026074,1.51468595,30.8743685,1.507,4.635,278.797
3.90242446,1.51601107,30.8094804,1.507,4.635,285.672
3.9045575,1.51556712,30.7526777,1.507,4.635,292.484
3.90700172,1.51587319,30.7069904,1.507,4.64,299.313
3.90914954,1.51406446,30.6595851,1.507,4.64,306.188
3.91094039,1.51740402,30.6083213,1.507,4.64,313.016
3.91297768,1.51626773,30.5517019,1.507,4.646,319.875
3.91522371,1.5164497,30.5087786,1.507,4.651,326.734
3.91692783,1.51545136,30.4753305,1.507,4.651,333.609
3.91912981,1.51519118,30.4265231,1.507,4.651,340.422
3.92110293,1.51580996,30.3889829,1.507,4.656,347.297
3.92263637,1.51516922,30.3458824,1.507,4.656,354.109
3.92468816,1.51706631,30.3006003,1.507,4.656,360.969
3.9264767,1.51626876,30.2462997,1.507,4.656,367.844
3.9283207,1.5179025,30.206373,1.507,4.656,374.719
3.92966841,1.516508,30.1682539,1.507,4.662,381.516
3.93152515,1.51644266,30.1191038,1.507,4.662,388.344
3.9328049,1.51386606,30.0905178,1.507,4.662,395.219
3.93468454,1.51219525,30.0488941,1.507,4.667,402.031
3.93617918,1.51579483,30.0071814,1.507,4.667,408.891
3.93813688,1.51534623,29.9873488,1.507,4.667,415.766
3.939447,1.51133686,29.9533379,1.507,4.672,422.641
3.94106261,1.51700733,29.9114622,1.507,4.672,429.438
3.94262596,1.51554113,29.8723964,1.507,4.672,436.266
3.94393133,1.51730366,29.8280583,1.507,4.672,443.141
3.94549178,1.51354225,29.8090517,1.507,4.678,450.016
3.94712869,1.51676963,29.7826391,1.507,4.678,456.828
3.94852874,1.51776915,29.7331115,1.507,4.678,463.656
3.94998478,1.51453983,29.7153128,1.507,4.678,470.516
3.95105489,1.51527838,29.684422,1.507,4.683,477.391
3.95253143,1.51403247,29.6510642,1.507,4.683,484.203
3.95389449,1.51724923,29.6130277,1.507,4.683,491.031
3.95551123,1.51535976,29.5858101,1.507,4.689,497.906
3.9570236,1.51770195,29.5492815,1.507,4.689,504.703
3.95825427,1.51489152,29.5271688,1.507,4.689,511.531
3.95953643,1.51533882,29.4896455,1.507,4.689,518.328
3.96098291,1.51801492,29.4460531,1.507,4.689,525.203
3.96227826,1.51604287,29.4254902,1.507,4.694,532.047
3.963335,1.51497904,29.4015337,1.507,4.694,538.859
3.96465279,1.51615811,29.376791,1.507,4.694,545.703
3.9655495,1.51395562,29.3432693,1.507,4.694,552.547
3.96689304,1.51587815,29.3164733,1.507,4.699,559.344
3.96826394,1.51676933,29.2986219,1.507,4.699,566.219
3.96934378,1.51763825,29.2759516,1.507,4.699,573.031
3.97043668,1.51709996,29.25842,1.507,4.699,579.844
3.9717231,1.51593217,29.2300948,1.507,4.699,586.719
3.97293461,1.5163563,29.2058848,1.507,4.705,593.547
3.97443448,1.51655395,29.1838086,1.507,4.705,600.344
3.97522787,1.51486849,29.1503334,1.507,4.705,607.219
3.97636825,1.51678774,29.1212058,1.507,4.705,614.031
3.97764234,1.51757106,29.0979787,1.507,4.705,620.922
3.97845275,1.51807196,29.0700537,1.507,4.71,627.719
3.97991731,1.51752282,29.0616504,1.507,4.71,634.594
3.98106153,1.51558741,29.0404764,1.507,4.71,641.422
3.98200762,1.51399406,29.0162416,1.507,4.71,648.188
3.98335437,1.51451963,28.9899436,1.507,4.71,655.063
3.98447995,1.51691853,28.9649658,1.507,4.716,661.875
3.98552806,1.51526161,28.9459444,1.507,4.716,668.688
3.98643943,1.51654169,28.9377106,1.507,4.716,675.531
3.98762263,1.51590833,28.9068917,1.507,4.716,682.344
3.98909199,1.5140801,28.8916702,1.507,4.721,689.125
3.98997838,1.51454063,28.8786957,1.507,4.721,696
3.99139323,1.51444698,28.8627406,1.507,4.721,702.859
3.9925804,1.51529672,28.8312953,1.507,4.721,709.672
3.99351649,1.51766219,28.7933732,1.507,4.721,716.469
3.99460617,1.5132478,28.7783568,1.507,4.721,723.344
3.99552815,1.51896623,28.7640687,1.507,4.726,730.188
3.99701649,1.51502392,28.7508284,1.507,4.726,737.094
3.99806296,1.51778874,28.7342789,1.507,4.726,743.906
3.99921196,1.51625095,28.717575,1.507,4.726,750.719
4.00029727,1.51556911,28.6992501,1.507,4.726,757.5
4.00153302,1.51467075,28.6663085,1.507,4.732,764.281
4.00232454,1.51476091,28.6648467,1.507,4.732,771.063
4.00370441,1.51825826,28.649599,1.507,4.732,777.844
4.00485471,1.51522233,28.6318466,1.507,4.732,784.688
4.00577939,1.51438703,28.6065247,1.507,4.737,791.531
4.00690862,1.51495939,28.589043,1.507,4.737,798.391
4.00791186,1.518702,28.5835919,1.507,4.737,805.266
4.00875684,1.51618661,28.5681897,1.507,4.737,812.078
4.01026205,1.51409776,28.549986,1.507,4.737,818.922
4.01112726,1.51712294,28.5393105,1.507,4.737,825.688
4.01253097,1.51754129,28.5259197,1.507,4.743,832.531
4.01349055,1.51778552,28.5153636,1.507,4.743,839.344
4.0146722,1.51551247,28.5006164,1.507,4.743,846.125
4.01588916,1.51597881,28.48754,1.507,4.743,852.969
4.01666027,1.51516021,28.4716367,1.507,4.743,859.797
4.0180411,1.51619274,28.4570203,1.507,4.748,866.609
4.01899995,1.51802123,28.4364008,1.507,4.748,873.469
4.02015524,1.51360149,28.4286305,1.507,4.748,880.328
4.02113938,1.51462421,28.4120608,1.507,4.748,887.141
4.02205859,1.51737627,28.4014835,1.507,4.748,893.922
4.02322659,1.51391683,28.3987523,1.507,4.753,900.766
4.02434885,1.51597264,28.3825763,1.507,4.753,907.578
4.02538174,1.51470198,28.3736129,1.507,4.753,914.344
4.02660583,1.5161264,28.3500151,1.507,4.753,921.188
4.02756686,1.51742887,28.3394652,1.507,4.753,928.016
4.02868224,1.51664759,28.3432035,1.507,4.759,934.891
4.02969199,1.51849774,28.3272012,1.507,4.759,941.703
4.03096587,1.51319236,28.3127025,1.507,4.759,948.516
4.03178724,1.51535624,28.3111176,1.507,4.759,955.344
4.03304027,1.51510827,28.2930359,1.507,4.759,962.203
4.03417053,1.51672437,28.296469,1.507,4.764,969.016
4.03532932,1.51662169,28.286054,1.507,4.764,975.922
4.03632536,1.51309388,28.2766017,1.507,4.764,982.781
4.03732234,1.51512663,28.2676103,1.507,4.764,989.594
4.03852524,1.51240829,28.2677478,1.507,4.764,996.453
4.03937609,1.51469495,28.2592222,1.507,4.764,1003.313
4.04053224,1.51630554,28.2524171,1.507,4.77,1010.094
4.04120624,1.51762305,28.2351784,1.507,4.77,1016.969
4.04253376,1.51435443,28.2261275,1.507,4.77,1023.75
4.04394021,1.51721412,28.2264127,1.507,4.77,1030.594
4.04476452,1.5135634,28.2141489,1.507,4.77,1037.422
4.04605798,1.5184349,28.2097646,1.507,4.77,1044.219
4.04727832,1.51625307,28.1948163,1.507,4.775,1051.047
4.04833241,1.51542258,28.1773761,1.507,4.775,1057.906
4.049127,1.51553152,28.1763008,1.507,4.775,1064.672
4.05015929,1.5162418,28.1805668,1.507,4.78,1071.516
4.05118337,1.51459628,28.1712741,1.507,4.775,1078.344
4.05227652,1.5170894,28.1673283,1.507,4.78,1085.188
4.05322971,1.51519816,28.1658362,1.507,4.78,1091.984
4.0545812,1.51654235,28.1578145,1.507,4.78,1098.781
4.05550207,1.51540827,28.1485928,1.507,4.78,1105.609
4.05670565,1.51643634,28.1517595,1.507,4.786,1112.438
4.05798552,1.51649201,28.1341045,1.507,4.786,1119.25
4.05909146,1.51514159,28.13144,1.507,4.786,1126.094
4.06027068,1.5135212,28.1402022,1.507,4.786,1132.922
4.06118276,1.51545017,28.1309183,1.507,4.791,1139.703
4.06242043,1.51711525,28.1298086,1.507,4.791,1146.531
4.06336864,1.51656658,28.1253553,1.507,4.791,1153.344
4.0643331,1.51499522,28.1139619,1.507,4.791,1160.125
4.06530517,1.51367588,28.1142022,1.507,4.791,1166.969
4.06675818,1.51647675,28.1167741,1.507,4.791,1173.797
4.06817968,1.51787694,28.1163658,1.507,4.797,1180.609
4.06898363,1.51696009,28.1131125,1.507,4.797,1187.453
4.06998859,1.51766826,28.1092542,1.507,4.797,1194.266
4.07136767,1.51468074,28.098365,1.507,4.797,1201.063
4.07245413,1.51598476,28.1032946,1.507,4.802,1207.922
4.07357013,1.51662042,28.0832783,1.507,4.802,1214.734
4.07492839,1.51593079,28.0878776,1.507,4.802,1221.516
4.07571705,1.514262,28.094229,1.507,4.802,1228.359
4.07672,1.51744407,28.0982996,1.507,4.802,1235.156
4.07804631,1.5137206,28.0976847,1.507,4.807,1241.953
4.07913424,1.51437763,28.0932965,1.507,4.807,1248.781
4.08032598,1.51631165,28.0860858,1.507,4.807,1255.625
4.08168431,1.51290045,28.0945831,1.507,4.807,1262.469
4.08263896,1.51282421,28.0913852,1.507,4.807,1269.25
4.08384962,1.51547848,28.0878619,1.507,4.813,1276.094
4.0852258,1.51745516,28.0907412,1.507,4.813,1282.891
4.08600226,1.51559366,28.0948314,1.507,4.813,1289.672
4.08738581,1.51738735,28.1065731,1.507,4.813,1296.469
4.08868179,1.51573828,28.1119626,1.507,4.813,1303.313
4.08998719,1.51724124,28.1093168,1.507,4.818,1310.109
4.09098813,1.51243475,28.1039298,1.507,4.818,1316.906
4.09204034,1.51609436,28.0974502,1.507,4.818,1323.75
4.09321563,1.51717044,28.1076463,1.507,4.824,1330.594
4.09441166,1.51353176,28.1059459,1.507,4.824,1337.406
4.0957612,1.51318655,28.101627,1.507,4.824,1344.25
4.09707793,1.5142658,28.1004418,1.507,4.824,1351.063
4.09837807,1.51498948,28.102432,1.507,4.824,1357.844
4.09965992,1.51624555,28.1048451,1.507,4.824,1364.688
4.10073745,1.5175885,28.097899,1.507,4.829,1371.5
4.10201045,1.51847064,28.1022553,1.507,4.829,1378.281
4.10333115,1.51537309,28.1047449,1.507,4.829,1385.125
4.10456204,1.51695365,28.1033593,1.507,4.829,1391.953
4.10558519,1.51481886,28.1179157,1.507,4.834,1398.75
4.10664792,1.51549865,28.1232429,1.507,4.834,1405.594
4.10811355,1.51756835,28.1122206,1.507,4.834,1412.391
4.10946478,1.51653293,28.1184552,1.507,4.834,1419.188
4.11066724,1.51550063,28.12102,1.507,4.834,1426.063
4.11187351,1.51788713,28.1204351,1.507,4.84,1432.875
4.11325275,1.51386201,28.1198317,1.507,4.84,1439.672
4.11460704,1.51593429,28.1223263,1.507,4.84,1446.516
4.11585572,1.515194,28.1306263,1.507,4.84,1453.313
4.11698715,1.51408077,28.1316133,1.507,4.845,1460.094
4.1182785,1.51683887,28.132247,1.507,4.845,1466.984
4.11979004,1.51472021,28.1384106,1.507,4.845,1473.781
4.12103732,1.5138743,28.1363693,1.507,4.851,1480.578
4.12193341,1.51638146,28.133949,1.507,4.851,1487.422
4.12370003,1.51586969,28.1445682,1.507,4.851,1494.25
4.12493464,1.515134,28.1457144,1.507,4.851,1501.031
4.12618758,1.51472683,28.1495287,1.507,4.851,1507.891
4.12781432,1.51228945,28.1534651,1.507,4.856,1514.688
4.12895436,1.51650891,28.1544112,1.507,4.856,1521.516
4.12999179,1.51724236,28.1570665,1.507,4.856,1528.297
4.13149452,1.51986614,28.1646161,1.507,4.856,1535.156
4.1329647,1.51427216,28.1739151,1.507,4.861,1541.953
4.13456287,1.51519537,28.1744659,1.507,4.861,1548.844
4.13560116,1.5167995,28.1821197,1.507,4.861,1555.656
4.13680801,1.51657864,28.1794297,1.507,4.861,1562.453
4.13824764,1.51445767,28.1844102,1.507,4.867,1569.313
4.13950321,1.51690276,28.1901033,1.507,4.867,1576.109
4.14083822,1.51751046,28.1949639,1.507,4.867,1582.938
4.14214922,1.51879862,28.1974738,1.507,4.872,1589.781
4.14325596,1.51774217,28.2060859,1.507,4.872,1596.578
4.14476389,1.51533616,28.2050455,1.507,4.872,1603.359
4.1460253,1.52043226,28.2255459,1.507,4.872,1610.219
4.14766984,1.51333455,28.2245063,1.507,4.872,1617.031
4.14879185,1.51493549,28.2281599,1.507,4.878,1623.828
4.15038709,1.51600923,28.2334915,1.507,4.878,1630.688
4.1516523,1.51667839,28.2408975,1.507,4.878,1637.5
4.15278428,1.51475974,28.2506546,1.507,4.878,1644.344
4.15439896,1.51479861,28.2534596,1.507,4.878,1651.156
4.15548323,1.51498595,28.2644958,1.507,4.883,1657.953
4.15703412,1.51537151,28.2713212,1.507,4.883,1664.797
4.15842346,1.51678767,28.2747549,1.507,4.883,1671.625
4.15965909,1.51575514,28.2898489,1.507,4.888,1678.438
4.16099999,1.51616289,28.2862219,1.507,4.888,1685.281
4.1624891,1.51645079,28.3053542,1.507,4.888,1692.078
4.16378768,1.5136147,28.3026253,1.507,4.888,1698.875
4.1647948,1.51601221,28.3130078,1.507,4.894,1705.719
4.16636121,1.51684858,28.3251365,1.507,4.894,1712.531
4.16761334,1.5177845,28.3345525,1.507,4.894,1719.344
4.16909516,1.51491461,28.3416135,1.507,4.894,1726.188
4.17005728,1.51497973,28.3582814,1.507,4.894,1732.984
4.17185292,1.51681089,28.3664194,1.507,4.899,1739.844
4.17309033,1.51606006,28.3745065,1.507,4.899,1746.656
4.17423212,1.51638516,28.3907539,1.507,4.899,1753.453
4.17567617,1.5113299,28.3996298,1.507,4.899,1760.297
4.17661186,1.51779715,28.4080371,1.507,4.905,1767.109
4.17817472,1.51343999,28.416277,1.507,4.905,1773.984
4.17954266,1.51939175,28.4360575,1.507,4.905,1780.813
4.18108276,1.5217531,28.4418451,1.507,4.91,1787.594
4.18218544,1.51455949,28.4472924,1.507,4.91,1794.438
4.18321015,1.51399571,28.4438515,1.507,4.91,1801.25
4.18450367,1.51895913,28.4679848,1.507,4.91,1808.047
4.18583768,1.51253005,28.4750455,1.507,4.91,1814.891
4.18708169,1.51588215,28.4856533,1.507,4.915,1821.688
4.18845661,1.51576859,28.5005102,1.507,4.915,1828.578
4.18936834,1.51571692,28.5139605,1.507,4.915,1835.391
4.19065289,1.51590645,28.5268706,1.507,4.915,1842.188
4.19218148,1.51440244,28.5291061,1.507,4.915,1849.047
4.19306441,1.5141648,28.5443544,1.507,4.921,1855.828
4.19443767,1.51375834,28.5626233,1.507,4.921,1862.625
4.19570653,1.51676421,28.56668,1.507,4.921,1869.531
4.19697723,1.51735596,28.57266,1.507,4.921,1876.391
4.19808454,1.51582156,28.5851413,1.507,4.926,1883.188
4.19922862,1.5209868,28.5968972,1.507,4.926,1890.047
4.20052502,1.51392057,28.6188847,1.507,4.926,1896.859
4.19857323,1.48119935,28.6392445,1.475,4.91,1904.109
4.1991312,1.48510358,28.6468964,1.474,4.91,1911.063
4.20011092,1.48127704,28.6658074,1.473,4.91,1918.031
4.1997652,1.46607734,28.6810206,1.461,4.905,1925.016
4.19983271,1.46054709,28.6911724,1.45,4.899,1931.969
4.19975952,1.44948492,28.6962344,1.439,4.894,1938.891
4.199229,1.44043624,28.7144188,1.428,4.888,1945.844
4.19965297,1.43912515,28.7223476,1.428,4.888,1952.813
4.2000724,1.42581476,28.737444,1.417,4.883,1959.766
4.19964805,1.41544825,28.7475396,1.406,4.878,1966.672
4.19968881,1.41262408,28.7535481,1.405,4.878,1973.625
4.20030202,1.41290347,28.7563238,1.404,4.878,1980.594
4.20085849,1.41153216,28.7797629,1.402,4.878,1987.547
4.20069331,1.40069615,28.7931373,1.392,4.872,1994.469
4.20056891,1.38731272,28.8065852,1.38,4.867,2001.406
4.20043937,1.37930007,28.8075897,1.369,4.861,2008.375
4.19982777,1.37084202,28.8266399,1.359,4.856,2015.328
4.20024295,1.36748992,28.8301452,1.358,4.856,2022.25
4.20066251,1.36667986,28.8382508,1.358,4.856,2029.188
4.20051336,1.35637258,28.8417603,1.347,4.851,2036.188
4.20092023,1.3551258,28.8631631,1.346,4.851,2043.141
4.20055426,1.34068194,28.8679735,1.335,4.845,2050.078
4.20056657,1.33123679,28.86953,1.323,4.84,2057.016
4.20026175,1.32201927,28.8814465,1.314,4.834,2063.969
4.19933729,1.31354914,28.8850636,1.303,4.829,2070.922
4.20004569,1.30872933,28.8987866,1.301,4.829,2077.875
4.20035596,1.30858313,28.9081081,1.301,4.829,2084.766
4.20094591,1.30734551,28.9058711,1.3,4.829,2091.719
4.20078206,1.29673166,28.9174999,1.289,4.824,2098.672
4.20016795,1.2846683,28.9164364,1.278,4.818,2105.625
4.2009666,1.28732963,28.9233228,1.277,4.818,2112.516
4.20059971,1.27477845,28.9292836,1.266,4.813,2119.469
4.20042593,1.26271192,28.9268286,1.256,4.807,2126.422
4.20076167,1.2627823,28.9241779,1.254,4.807,2133.313
4.20032286,1.2484282,28.9453409,1.243,4.802,2140.25
4.20132348,1.25056407,28.9471485,1.242,4.802,2147.219
4.2006191,1.23965482,28.9489652,1.231,4.797,2154.156
4.20113164,1.23982803,28.9543312,1.23,4.797,2161.063
4.20180934,1.2378029,28.9617803,1.23,4.797,2168
4.20185442,1.22945076,28.9574986,1.219,4.791,2174.938
4.20130821,1.21676619,28.9615529,1.208,4.786,2181.828
4.20181655,1.21463645,28.9616741,1.208,4.786,2188.797
4.20150967,1.20184599,28.9561442,1.195,4.78,2195.75
4.20140885,1.19054986,28.9578243,1.184,4.77,2202.688
4.20091042,1.18021344,28.9548298,1.173,4.77,2209.609
4.20156465,1.18181812,28.9525716,1.173,4.77,2216.531
4.20123044,1.17026876,28.9575615,1.162,4.764,2223.484
4.20091168,1.15722455,28.9462489,1.151,4.759,2230.719
4.20130575,1.15754305,28.9465609,1.15,4.753,2237.766
4.20192478,1.15480452,28.9413247,1.148,4.759,2244.797
4.20164095,1.14685539,28.9465464,1.137,4.753,2251.859
4.20175457,1.13487015,28.9376955,1.126,4.748,2258.922
4.20033194,1.11242465,28.9283912,1.107,4.737,2265.969
4.20066702,1.11348468,28.9210292,1.105,4.737,2273
4.20154207,1.1113257,28.9180781,1.104,4.737,2280.047
4.20242276,1.10868547,28.9143585,1.103,4.737,2287.094
4.20210884,1.09693692,28.9153588,1.092,4.732,2294.484
4.20182442,1.08939543,28.9015894,1.081,4.726,2301.672
4.2015259,1.0763421,28.890481,1.071,4.716,2308.813
4.20194246,1.07478191,28.8869659,1.07,4.721,2316.141
4.20195994,1.06188965,28.8805613,1.057,4.71,2323.375
4.20173996,1.04866865,28.8683462,1.048,4.71,2330.547
4.20131373,1.04272458,28.8576296,1.036,4.705,2337.781
4.2014077,1.02974947,28.8498348,1.025,4.699,2344.969
4.20176545,1.03098534,28.8295768,1.024,4.699,2352.188
4.20164706,1.01913401,28.8179348,1.013,4.694,2359.375
4.20105097,1.00702784,28.8074212,1.002,4.683,2366.594
4.20196948,1.00753091,28.8001921,1.001,4.689,2373.844
4.20243762,1.00718284,28.7907843,0.999,4.689,2381.016
4.20316141,1.00662929,28.7774723,0.998,4.689,2388.234
4.20287892,0.99301384,28.7611853,0.987,4.683,2395.375
4.20164983,0.971465989,28.7558353,0.966,4.667,2402.594
4.20120999,0.960051101,28.7351693,0.955,4.662,2409.734
4.2016645,0.961758352,28.7159675,0.955,4.662,2416.953
4.2015117,0.947727128,28.6931087,0.944,4.656,2424.141
4.20097238,0.939138065,28.6823344,0.933,4.656,2431.375
4.20071759,0.929918156,28.6738524,0.922,4.651,2438.531
4.20123586,0.924108729,28.6586326,0.922,4.646,2445.75
4.20185375,0.926163386,28.6395993,0.921,4.651,2452.906
4.20236613,0.92753635,28.6255654,0.919,4.646,2460.125
4.20284884,0.924692792,28.5980928,0.918,4.646,2467.281
4.20284507,0.909782556,28.5896436,0.907,4.64,2474.5
4.2018956,0.890932633,28.5756527,0.886,4.635,2481.781
4.20232091,0.893314926,28.5559779,0.886,4.629,2488.953
4.20239849,0.892911003,28.5408025,0.885,4.635,2496.172
4.20314994,0.891537592,28.5265035,0.883,4.635,2503.313
4.20267169,0.874016391,28.5021059,0.872,4.624,2510.516
4.20123782,0.856759099,28.4865558,0.852,4.619,2517.672
4.20170724,0.854145108,28.4654377,0.852,4.619,2524.859
4.20210028,0.857216274,28.446969,0.85,4.619,2532.031
4.202764,0.858535742,28.4359381,0.85,4.619,2539.234
4.2014722,0.833335773,28.4078792,0.828,4.608,2546.391
4.20058982,0.825285066,28.3963504,0.818,4.597,2553.594
4.20032479,0.813707064,28.3818714,0.809,4.592,2560.766
4.20046844,0.812526676,28.3433128,0.809,4.592,2567.969
4.19987821,0.802883017,28.3331168,0.798,4.586,2575.109
4.20035306,0.804982751,28.3155469,0.798,4.586,2582.344
4.19952537,0.79203883,28.2991866,0.787,4.581,2589.484
4.19910586,0.781231077,28.2778941,0.776,4.575,2596.688
4.19844377,0.771696995,28.2550333,0.766,4.57,2603.828
4.19754228,0.762852869,28.2302987,0.756,4.565,2611.063
4.19786655,0.760241675,28.217303,0.756,4.565,2618.219
4.19823132,0.762104442,28.1910307,0.756,4.565,2625.422
4.19850517,0.75911004,28.1826639,0.755,4.565,2632.563
4.19886449,0.758991531,28.1588622,0.755,4.565,2639.766
4.19841523,0.74566365,28.1392835,0.744,4.559,2646.938
4.19773898,0.739880128,28.1107458,0.734,4.554,2654.141
4.19772146,0.74075876,28.0888102,0.733,4.554,2661.281
4.19796496,0.734554635,28.0630222,0.733,4.554,2668.5
4.19822812,0.735647921,28.0506677,0.733,4.554,2675.656
4.19867009,0.738224614,28.0369653,0.731,4.554,2682.875
4.19819875,0.725070695,28.0128065,0.722,4.548,2690.016
4.19752408,0.71728313,27.9974781,0.711,4.543,2697.219
4.19773013,0.71874907,27.9827996,0.711,4.543,2704.375
4.19816184,0.713209708,27.9633568,0.711,4.543,2711.609
4.1983064,0.714246219,27.9449972,0.709,4.543,2718.766
4.19847899,0.713623391,27.9245021,0.709,4.543,2725.969
4.19898106,0.715104022,27.9005367,0.708,4.543,2733.109
4.19822153,0.703739968,27.8775496,0.697,4.538,2740.313
4.19873357,0.703945726,27.8689177,0.697,4.538,2747.484
4.19770416,0.695052213,27.8411323,0.687,4.532,2754.688
4.1971802,0.684978436,27.8153991,0.678,4.527,2761.828
4.19739488,0.68272204,27.7888908,0.676,4.527,2769.031
4.19757308,0.679693091,27.7775099,0.676,4.527,2776.203
4.19773745,0.681093048,27.7530312,0.676,4.527,2783.406
4.19795946,0.681108178,27.7353137,0.675,4.527,2790.547
4.19823048,0.677936494,27.7296792,0.675,4.527,2797.75
4.19862663,0.677628632,27.7048213,0.675,4.527,2804.922
4.1980468,0.67034991,27.6886152,0.664,4.521,2812.125
4.19714518,0.655150163,27.6679757,0.653,4.516,2819.266
4.19758367,0.658669363,27.6404712,0.653,4.516,2826.469
4.19776494,0.655897806,27.6235576,0.653,4.516,2833.609
4.19796185,0.659342967,27.6019321,0.653,4.516,2840.813
4.19797108,0.656938205,27.5855175,0.651,4.516,2847.984
4.19820658,0.657425889,27.5614971,0.651,4.516,2855.188
4.1987449,0.656597256,27.5457091,0.65,4.516,2862.328
4.19825379,0.646384854,27.5234705,0.64,4.511,2869.531
4.19814812,0.646690382,27.5209987,0.64,4.511,2876.703
4.19858548,0.644163472,27.4900731,0.639,4.511,2883.906
4.19780377,0.634407384,27.4791834,0.629,4.505,2891.047
4.19804342,0.634390206,27.4579296,0.629,4.505,2898.25
4.19839052,0.631928335,27.4329793,0.628,4.505,2905.422
4.19838218,0.635291041,27.4144243,0.628,4.505,2912.625
4.19888984,0.633504272,27.4020692,0.628,4.505,2919.766
4.19874524,0.621836212,27.3876417,0.617,4.5,2926.969
4.19773537,0.612478575,27.3664436,0.607,4.494,2934.141
4.19755806,0.615070181,27.3488259,0.607,4.494,2941.375
4.19771545,0.613387302,27.3270668,0.607,4.494,2948.516
4.19798686,0.610011419,27.3082729,0.606,4.494,2955.719
4.19809211,0.609511377,27.2952623,0.606,4.494,2962.859
4.19850864,0.612431884,27.2733374,0.606,4.494,2970.063
4.19863528,0.6092,27.2560419,0.605,4.494,2977.234
4.19816485,0.598679671,27.2402347,0.595,4.489,2984.438
4.19821962,0.596430923,27.2134635,0.595,4.489,2991.578
4.19841634,0.596754366,27.1960959,0.593,4.489,2998.781
4.19856591,0.599227604,27.1843725,0.593,4.489,3005.938
4.19792389,0.585482558,27.1738568,0.584,4.484,3013.156
4.19813403,0.588010876,27.1439496,0.584,4.484,3020.297
4.1985672,0.585418423,27.1271578,0.582,4.484,3027.5
4.1987968,0.586697819,27.1207983,0.582,4.484,3034.641
4.19886382,0.587333659,27.1063235,0.582,4.484,3041.844
4.19901536,0.586903877,27.0861394,0.581,4.484,3049.016
4.19932872,0.581578889,27.0727708,0.581,4.484,3056.219
4.19948227,0.584674445,27.053467,0.58,4.484,3063.391
4.19982334,0.585652495,27.0291377,0.58,4.484,3070.594
4.19949215,0.574311303,27.0181338,0.569,4.478,3077.734
4.19855276,0.563058263,26.9980846,0.559,4.473,3084.938
4.19794007,0.554652074,26.9809119,0.549,4.467,3092.078
4.19776242,0.554110348,26.9630639,0.549,4.467,3099.266
4.1980751,0.553753919,26.9536056,0.549,4.467,3106.438
4.19849233,0.556278689,26.932844,0.549,4.467,3113.641
4.19868237,0.550706486,26.911242,0.549,4.467,3120.766
4.197786,0.542666728,26.9022418,0.538,4.462,3127.969
4.19780069,0.542724106,26.885291,0.538,4.462,3135.141
4.19847073,0.540059332,26.8675035,0.538,4.462,3142.344
4.19843817,0.540571003,26.8598831,0.538,4.462,3149.484
4.19852394,0.537862853,26.8291094,0.537,4.462,3156.688
4.19872643,0.541385936,26.8203557,0.537,4.462,3163.844
4.19800301,0.53109777,26.8050906,0.527,4.457,3171.063
4.19798892,0.531594489,26.7911735,0.527,4.457,3178.219
4.1977858,0.531287618,26.7721895,0.526,4.457,3185.422
4.19808389,0.531352726,26.7457183,0.526,4.457,3192.578
4.19835599,0.530682807,26.7337443,0.526,4.457,3199.75
4.19848744,0.530146344,26.7196554,0.524,4.457,3206.922
4.19895934,0.523623866,26.7056901,0.524,4.457,3214.125
4.19921802,0.529014455,26.6917295,0.524,4.457,3221.281
4.19942135,0.52904414,26.6774179,0.523,4.457,3228.484
4.19985991,0.526564005,26.6649051,0.523,4.457,3235.625
4.19901078,0.514037963,26.6530858,0.512,4.451,3242.859
4.19817638,0.505146163,26.6345816,0.502,4.446,3250.031
4.19856371,0.506469157,26.610304,0.502,4.446,3257.234
4.1986163,0.511168599,26.6069487,0.502,4.446,3264.375
4.19891376,0.502347582,26.5901724,0.501,4.446,3271.594
4.19901162,0.506714805,26.5804318,0.501,4.446,3278.75
4.19920441,0.504799121,26.5609764,0.501,4.446,3285.953
4.19910571,0.505637225,26.5472433,0.501,4.446,3293.109
4.19962397,0.501864904,26.539078,0.5,4.446,3300.313
4.19898536,0.492715638,26.5373583,0.49,4.44,3307.469
4.198323,0.483849777,26.5100453,0.48,4.435,3314.672
4.19824536,0.48325639,26.5107105,0.48,4.435,3321.813
4.19823829,0.484832109,26.4963996,0.48,4.435,3329.031
4.19858242,0.484229033,26.4750189,0.479,4.435,3336.172
4.19878957,0.483102372,26.4680113,0.479,4.435,3343.375
4.19868703,0.483884555,26.444556,0.479,4.435,3350.547
4.19889047,0.481820524,26.4307453,0.479,4.435,3357.75
4.1992428,0.483181147,26.4195466,0.478,4.435,3364.891
4.19969451,0.483805504,26.4067631,0.478,4.435,3372.094
4.19870057,0.4729382,26.3790775,0.467,4.43,3379.266
4.19855416,0.470671401,26.3690692,0.467,4.43,3386.469
4.19874206,0.469523981,26.3564957,0.467,4.43,3393.609
4.19903917,0.467446366,26.3453725,0.467,4.43,3400.828
4.1994455,0.471522935,26.3323752,0.467,4.43,3407.984
4.19925837,0.470414428,26.3158223,0.465,4.43,3415.203
4.19970599,0.467196511,26.3125979,0.465,4.43,3422.344
4.19882926,0.460784142,26.2853998,0.454,4.424,3429.547
4.19912021,0.461468104,26.2892547,0.455,4.424,3436.703
4.1991545,0.456897831,26.2665773,0.454,4.424,3443.906
4.19941808,0.460007881,26.2530536,0.454,4.424,3451.047
4.19945338,0.456164569,26.2381402,0.454,4.424,3458.25
4.19985612,0.45926225,26.2165658,0.454,4.424,3465.391
4.19910143,0.445748473,26.2017772,0.443,4.419,3472.594
4.19921279,0.444943643,26.1964392,0.444,4.419,3479.766
4.19932169,0.448374463,26.1905291,0.443,4.419,3486.969
4.19913445,0.446035744,26.174713,0.443,4.419,3494.141
4.19961915,0.447153335,26.1532782,0.443,4.419,3501.375
4.19882924,0.434050892,26.1456992,0.432,4.413,3508.531
4.19816622,0.426564298,26.1326117,0.422,4.408,3515.734
4.19813637,0.426556236,26.1245466,0.422,4.408,3522.875
4.19813905,0.427593547,26.1090699,0.422,4.408,3530.078
4.19825044,0.427169509,26.1074233,0.422,4.408,3537.25
4.19828801,0.425247529,26.0852261,0.422,4.408,3544.453
4.19840915,0.426129143,26.0691672,0.421,4.408,3551.594
4.19863987,0.425525489,26.0525482,0.421,4.408,3558.797
4.19870697,0.425623554,26.0509121,0.421,4.408,3565.969
4.19870515,0.422371262,26.0340473,0.421,4.408,3573.188
4.19894408,0.42454872,26.0208922,0.42,4.408,3580.328
4.19911815,0.423795318,26.0019141,0.42,4.408,3587.531
4.19944102,0.421969062,25.9930117,0.42,4.408,3594.672
4.19947204,0.424661362,25.9796433,0.42,4.408,3601.875
4.19978573,0.421612754,25.9663677,0.418,4.408,3609.063
4.19917669,0.413390031,25.9497082,0.409,4.403,3616.266
4.1991769,0.410882034,25.9406447,0.409,4.403,3623.422
4.19932504,0.414421038,25.9232456,0.409,4.403,3630.625
4.19952524,0.415436638,25.9136938,0.409,4.403,3637.813
4.19975883,0.410206685,25.9040714,0.407,4.403,3645.016
4.19881231,0.40247828,25.8925813,0.398,4.397,3652.156
4.1991684,0.402580294,25.8765989,0.398,4.397,3659.375
4.19901335,0.400268786,25.8638925,0.398,4.397,3666.531
4.19894602,0.400893878,25.8611857,0.398,4.397,3673.734
4.19943508,0.400578136,25.8380495,0.396,4.397,3680.891
4.19944204,0.399037316,25.8348742,0.396,4.397,3688.094
4.19971966,0.398887932,25.8176784,0.396,4.397,3695.266
4.19904126,0.38968019,25.8054792,0.386,4.392,3702.484
4.19889273,0.389566903,25.7973268,0.386,4.392,3709.625
4.19898827,0.390604045,25.7929053,0.386,4.392,3716.828
4.19901811,0.39190404,25.7797953,0.386,4.392,3723.984
4.19915627,0.389512057,25.7676691,0.385,4.392,3731.188
4.19981158,0.38775508,25.7557147,0.385,4.392,3738.344
4.19869208,0.380196555,25.742519,0.375,4.386,3745.563
4.19876588,0.378351486,25.724719,0.375,4.386,3752.734
4.1990651,0.375264845,25.7220305,0.375,4.386,3759.938
4.19893085,0.378107249,25.7194151,0.375,4.386,3767.125
4.1992925,0.379674565,25.7039278,0.375,4.386,3774.328
4.19922526,0.377910067,25.6938256,0.374,4.386,3781.484
4.19941983,0.376670377,25.6809658,0.374,4.386,3788.734
4.19933271,0.375875491,25.6651401,0.374,4.386,3795.234
4.19958304,0.377430113,25.6578163,0.374,4.386,3802.453
4.19894265,0.367246,25.6554315,0.364,4.381,3808.938
4.19912977,0.366352188,25.6418901,0.363,4.381,3816.094
4.19899279,0.369927999,25.6339068,0.363,4.381,3822.594
4.19930476,0.364624586,25.625831,0.363,4.381,3829.734
4.19922765,0.363553928,25.6106097,0.363,4.381,3836.172
4.19933202,0.367036035,25.5990297,0.363,4.381,3843.375
4.19967681,0.363073813,25.5846826,0.363,4.381,3849.875
4.19893691,0.355445561,25.5658897,0.353,4.376,3857.094
4.19898015,0.354598307,25.5617977,0.352,4.376,3863.594
4.19898178,0.353964181,25.5617316,0.352,4.376,3870.813
4.19908787,0.356361703,25.547808,0.352,4.376,3877.297
4.19918961,0.354349037,25.5323273,0.352,4.376,3884.438
4.19925562,0.352273855,25.5278399,0.352,4.376,3890.938
4.19971374,0.353118324,25.5177416,0.352,4.376,3898.109
4.19937982,0.354638413,25.5232913,0.352,4.376,3904.531
4.1996886,0.353596739,25.5039587,0.351,4.376,3911.766
4.19970451,0.35562667,25.4906077,0.351,4.376,3918.25
4.19979363,0.352827776,25.4801759,0.351,4.376,3925.453
4.20034917,0.351799205,25.4684582,0.351,4.376,3931.969
4.20023069,0.353710759,25.4560386,0.349,4.376,3939.172
4.20059127,0.351137873,25.448307,0.349,4.376,3945.672
4.19980663,0.342743854,25.4362429,0.34,4.37,3952.891
4.19869434,0.333854913,25.4295628,0.33,4.365,3959.391
4.19885884,0.331941241,25.4223454,0.33,4.365,3966.609
4.19874736,0.333287889,25.407219,0.33,4.365,3973.109
4.19889053,0.333265089,25.4062845,0.329,4.365,3980.25
4.19898945,0.331084969,25.3902406,0.33,4.365,3986.75
4.19893891,0.333033476,25.3831045,0.329,4.365,3993.906
4.19927078,0.331375723,25.3686021,0.329,4.365,4000.344
4.19930524,0.331605201,25.3636532,0.329,4.365,4007.578
4.19944306,0.330369265,25.358182,0.329,4.365,4014.078
4.19938344,0.330172386,25.3437296,0.329,4.365,4021.297
4.19980959,0.329456337,25.3339165,0.329,4.365,4027.766
4.19975522,0.330120885,25.3385894,0.327,4.365,4034.984
4.2002284,0.332693944,25.3303583,0.327,4.365,4041.484
4.20015049,0.32727782,25.3189772,0.327,4.365,4048.641
4.20005378,0.32943977,25.3040141,0.327,4.365,4055.094
4.2004478,0.331832294,25.2912823,0.326,4.365,4062.297
4.20048537,0.331599232,25.2947587,0.326,4.365,4068.781
4.20074007,0.327912873,25.2858271,0.326,4.365,4076
4.19981714,0.321179793,25.2703073,0.316,4.359,4082.5
4.19902104,0.306220305,25.2601451,0.306,4.354,4089.641
4.19867811,0.308690262,25.2493799,0.306,4.354,4096.141
4.19889739,0.310184408,25.2432434,0.306,4.354,4103.313
4.19906445,0.307997888,25.2303003,0.306,4.354,4109.734
4.19906018,0.311015393,25.2201415,0.306,4.354,4116.938
4.1992659,0.308965332,25.2139333,0.306,4.354,4123.438
4.1994398,0.308167537,25.2026114,0.306,4.354,4130.656
4.19950197,0.308849886,25.19697,0.306,4.354,4137.156
4.19922569,0.307040605,25.1808433,0.305,4.354,4144.375
4.1996146,0.30824349,25.1746252,0.305,4.354,4150.891
4.19877106,0.297297428,25.1593951,0.295,4.349,4158.109
4.19859337,0.299406839,25.1544572,0.295,4.349,4164.609
4.19896827,0.294504904,25.1481553,0.295,4.349,4171.813
4.19872151,0.295331941,25.1478533,0.295,4.349,4178.313
4.19894636,0.297507654,25.1268927,0.295,4.349,4185.453
4.19906496,0.297591075,25.1327453,0.295,4.349,4191.953
4.19914146,0.299503313,25.121205,0.294,4.349,4199.125
4.19930045,0.29650363,25.1023257,0.294,4.349,4205.563
4.19939025,0.297277813,25.091728,0.294,4.349,4212.766
4.19952881,0.296301137,25.0876894,0.294,4.349,4219.281
4.19960615,0.298263258,25.0874861,0.294,4.349,4226.484
4.19936542,0.294044747,25.0844114,0.293,4.349,4232.984
4.19981215,0.296442747,25.0712256,0.293,4.349,4240.203
4.20001307,0.297301194,25.0706777,0.293,4.349,4246.734
4.20018762,0.295501612,25.0620719,0.293,4.349,4253.938
4.19985087,0.29481356,25.0582674,0.293,4.349,4260.453
4.20045542,0.295804021,25.0453245,0.293,4.349,4267.656
4.20035087,0.294762463,25.0410173,0.293,4.349,4274.172
4.20059228,0.294620766,25.0423062,0.291,4.349,4281.313
4.19963588,0.286289791,25.0327065,0.282,4.343,4287.813
4.1987553,0.274154255,25.0202677,0.272,4.338,4294.984
4.19856848,0.277402245,25.014626,0.272,4.338,4301.422
4.19887653,0.275125565,25.0040269,0.272,4.338,4308.625
4.19862323,0.27614617,25.0076457,0.272,4.338,4315.141
4.19876643,0.274860485,24.9943732,0.272,4.338,4322.359
4.19879579,0.272268717,24.9853061,0.272,4.338,4328.859
4.19907223,0.276844943,24.9782685,0.272,4.338,4336.078
4.19883459,0.274920301,24.9674784,0.272,4.338,4342.609
4.19925056,0.272355798,24.952642,0.271,4.338,4349.828
4.19928852,0.272788163,24.9580937,0.271,4.338,4356.328
4.19928001,0.275307502,24.9446277,0.271,4.338,4363.547
4.19954821,0.273172752,24.9480925,0.271,4.338,4370.063
4.19941766,0.271755521,24.9388337,0.271,4.338,4377.203
4.19960719,0.270377683,24.9341622,0.271,4.338,4383.703
4.19972932,0.273613875,24.9270908,0.271,4.338,4390.875
4.19953844,0.274930174,24.9092076,0.269,4.338,4397.344
4.19967838,0.275274848,24.901999,0.269,4.338,4404.547
4.20005464,0.272206546,24.8890763,0.269,4.338,4411.031
4.19996826,0.274214701,24.8815877,0.269,4.338,4418.234
4.20003338,0.272639051,24.8731903,0.269,4.338,4424.75
4.20040541,0.270164359,24.8742788,0.268,4.338,4431.891
4.20042371,0.272790332,24.8610871,0.268,4.338,4438.375
4.20053985,0.271527342,24.8582443,0.268,4.338,4445.547
4.20071862,0.270236356,24.8574738,0.268,4.338,4452.063
4.20012586,0.263374575,24.8395569,0.258,4.332,4459.219
4.19898626,0.249742619,24.8436891,0.248,4.327,4465.656
4.19874159,0.248179794,24.8297046,0.248,4.327,4472.859
4.19891667,0.251721232,24.8230268,0.248,4.327,4479.328
4.19888967,0.25411366,24.8192106,0.248,4.327,4486.547
4.19918114,0.255189925,24.8123317,0.248,4.327,4493.063
4.19922478,0.252059504,24.8088431,0.248,4.327,4500.281
4.19903581,0.251707794,24.7979377,0.248,4.327,4506.781
4.19925017,0.251273109,24.7906609,0.248,4.327,4513.984
4.19910537,0.251281782,24.7853274,0.248,4.327,4520.5
4.19941974,0.252367919,24.7831959,0.247,4.327,4527.641
4.19927846,0.251176783,24.7814139,0.248,4.327,4534.156
4.19950814,0.251187808,24.7748906,0.247,4.327,4541.297
4.19962687,0.249145359,24.7699651,0.247,4.327,4547.734
4.19947106,0.246891678,24.7571278,0.247,4.327,4554.938
4.19955662,0.247335379,24.7506354,0.247,4.327,4561.438
4.19972205,0.250561861,24.7564,0.247,4.327,4568.656
4.20002537,0.248032682,24.7435749,0.247,4.327,4575.156
4.20004942,0.249077584,24.7416633,0.246,4.327,4582.344
4.2000862,0.251984238,24.7393593,0.246,4.327,4588.859
4.20020997,0.249613604,24.7282035,0.246,4.327,4596
4.20020952,0.246965066,24.723313,0.246,4.327,4602.5
4.20046947,0.249252119,24.7235384,0.246,4.327,4609.672
4.20052402,0.247635881,24.7096941,0.246,4.327,4616.094
4.20060945,0.248839932,24.6992608,0.244,4.327,4623.297
4.19982406,0.238885654,24.6825326,0.235,4.322,4629.766
4.19997034,0.238138376,24.6902946,0.235,4.322,4636.969
4.20004953,0.237080781,24.6838487,0.235,4.322,4643.469
4.20010998,0.23493438,24.6772496,0.235,4.322,4650.672
4.19989687,0.236771258,24.6804889,0.235,4.322,4657.172
4.20010273,0.235042821,24.6552174,0.235,4.322,4664.313
4.20001855,0.236489972,24.6547534,0.235,4.322,4670.75
4.20003193,0.234534887,24.6574251,0.235,4.322,4677.953
4.20021606,0.238274381,24.6455261,0.233,4.322,4684.469
4.20031935,0.233863712,24.6417038,0.233,4.322,4691.672
4.20029682,0.236690521,24.6367671,0.233,4.322,4698.203
4.20043534,0.237977096,24.6343468,0.233,4.322,4705.422
4.20076428,0.233292288,24.6192585,0.233,4.322,4711.891
4.19975813,0.225277822,24.6137138,0.224,4.316,4719.031
4.19959491,0.22373088,24.6106151,0.224,4.316,4725.531
4.19980663,0.22927593,24.5977698,0.224,4.316,4732.688
4.20006974,0.227799648,24.5965927,0.224,4.316,4739.125
4.1998412,0.228524255,24.5879417,0.224,4.316,4746.328
4.19985624,0.22689473,24.5900622,0.222,4.316,4752.828
4.20005392,0.22627496,24.5795939,0.222,4.316,4760.047
4.19988317,0.22319734,24.5792583,0.222,4.316,4766.563
4.199976,0.223990269,24.5709222,0.222,4.316,4773.781
4.20021498,0.226100836,24.5627119,0.222,4.316,4780.281
4.20028097,0.224777125,24.5567439,0.222,4.316,4787.5
4.20048532,0.224127551,24.5568868,0.222,4.316,4794.016
4.20051843,0.220092106,24.551787,0.222,4.316,4801.344
4.20053469,0.22504487,24.5492429,0.222,4.316,4807.859
4.20077579,0.222026176,24.5396006,0.221,4.316,4815.047
4.19970915,0.21592079,24.5337888,0.211,4.311,4821.578
4.19967951,0.212426002,24.5230359,0.211,4.311,4828.75
4.19973714,0.21475828,24.5135532,0.213,4.311,4835.281
4.19984003,0.214699698,24.5124248,0.211,4.311,4842.453
4.19988993,0.212595572,24.5180088,0.211,4.311,4848.984
4.19994288,0.21387262,24.5160581,0.211,4.311,4856.156
4.19977415,0.211663596,24.5068907,0.211,4.311,4862.672
4.20027111,0.214682237,24.496641,0.211,4.311,4869.844
4.2000913,0.214934206,24.4958439,0.211,4.311,4876.297
4.20035077,0.215714321,24.4836812,0.211,4.311,4883.516
4.20056579,0.212688651,24.4782043,0.211,4.311,4889.969
4.19953224,0.200528477,24.4748626,0.202,4.305,4897.188
4.19937335,0.204531275,24.4702421,0.202,4.305,4903.656
4.19951512,0.205575493,24.4634241,0.202,4.305,4910.797
4.19931327,0.204050861,24.4586532,0.202,4.305,4917.313
4.19947675,0.202589104,24.458976,0.202,4.305,4924.469
4.19962259,0.204736439,24.4542022,0.202,4.305,4930.906
4.19957761,0.206063741,24.4330738,0.202,4.305,4938.109
4.19968507,0.203761083,24.4317968,0.2,4.305,4944.625
4.1998657,0.204313661,24.4381323,0.2,4.305,4951.828
4.19986574,0.202012118,24.4376834,0.2,4.305,4958.313
4.1999424,0.203212803,24.4195314,0.2,4.305,4965.531
4.20009769,0.202439,24.4167684,0.2,4.305,4972.063
4.20011488,0.199009398,24.4162996,0.2,4.305,4979.281
4.20007657,0.202785446,24.4085775,0.2,4.305,4985.766
4.2002942,0.204532568,24.4089357,0.2,4.305,4992.969
4.20014568,0.200523255,24.4089086,0.2,4.305,4999.469
4.19996688,0.202518842,24.3955919,0.199,4.305,5006.609
4.20052498,0.201265908,24.3942737,0.199,4.305,5013.109
4.20050458,0.200610084,24.3815602,0.199,4.305,5020.281
4.20070012,0.201684025,24.3742617,0.199,4.305,5026.719
4.19983124,0.19112754,24.3780381,0.189,4.3,5033.906
4.19982118,0.193026041,24.3665519,0.189,4.3,5040.406
4.19950338,0.192579659,24.3640537,0.189,4.3,5046.844
4.19994662,0.190998983,24.355962,0.189,4.3,5053.281
4.19980672,0.188099731,24.3494307,0.189,4.3,5059.781
4.19982471,0.188755746,24.3454601,0.189,4.3,5066.953
4.19977495,0.194795479,24.3438716,0.189,4.3,5074.141
4.19986144,0.19160916,24.3448005,0.189,4.3,5081.328
4.19991197,0.191977627,24.3332012,0.189,4.3,5088.531
4.1998969,0.188850983,24.3352637,0.188,4.3,5095.672
4.20038285,0.188921681,24.3344707,0.188,4.3,5102.859
4.19996051,0.189455221,24.3197264,0.188,4.3,5110.031
4.20000374,0.189897865,24.3211169,0.188,4.3,5117.234
4.20018978,0.190599646,24.3075587,0.188,4.3,5124.391
4.20039424,0.191374964,24.3036666,0.188,4.3,5131.625
4.20018676,0.192222163,24.3082335,0.188,4.3,5138.766
4.20041324,0.187442899,24.2951626,0.188,4.3,5145.969
4.20035725,0.18756127,24.288977,0.188,4.3,5153.109
4.200878,0.18838077,24.285746,0.188,4.3,5160.328
4.19980974,0.177626468,24.2777102,0.177,4.295,5166.844
4.20003577,0.177746779,24.2699779,0.177,4.295,5174.047
4.19976797,0.181875091,24.2639788,0.178,4.295,5181.219
4.20001997,0.17882319,24.2567569,0.178,4.295,5188.422
4.20004339,0.179681984,24.2582741,0.177,4.295,5195.594
4.19962469,0.180260619,24.2493607,0.177,4.295,5202.813
4.19983528,0.180114414,24.2539703,0.177,4.295,5209.953
4.20004035,0.179521287,24.2562032,0.177,4.295,5217.172
4.20003544,0.179231557,24.2444511,0.177,4.295,5224.313
4.19998443,0.179054714,24.2357544,0.177,4.295,5231.5
4.20037905,0.180657884,24.2421011,0.177,4.295,5238.656
4.20046393,0.180516626,24.2270593,0.177,4.295,5245.875
4.20011752,0.17838613,24.2279733,0.177,4.295,5253.047
4.20045414,0.179264809,24.2218585,0.177,4.295,5260.266
4.2004758,0.179119086,24.2129612,0.177,4.295,5267.438
4.20071947,0.178530309,24.2196869,0.177,4.295,5273.859
4.20082109,0.17806568,24.2120899,0.175,4.295,5281.063
4.20059473,0.181711212,24.2058419,0.175,4.295,5287.531
4.20078385,0.178153286,24.2114127,0.175,4.295,5294.672
4.20078528,0.17715854,24.2059679,0.175,4.295,5301.172
4.20082852,0.176831793,24.1987384,0.175,4.295,5307.672
4.20096829,0.176009565,24.1939609,0.175,4.295,5314.125
4.20138595,0.178150868,24.189088,0.175,4.295,5320.625
4.20116446,0.178064483,24.1827532,0.175,4.295,5327.141
4.20113087,0.177371499,24.1829423,0.174,4.295,5334.344
4.20117028,0.174214771,24.1639429,0.174,4.295,5341.5
4.20120835,0.179213098,24.1650387,0.174,4.295,5348.719
4.20129718,0.177642751,24.1732494,0.174,4.295,5355.188
4.20164921,0.176312412,24.1590074,0.174,4.295,5362.328
4.20062246,0.165168412,24.1496107,0.164,4.289,5368.859
4.19972049,0.155290036,24.1498146,0.155,4.284,5376
4.19957271,0.157136537,24.1450741,0.155,4.284,5383.203
4.19980643,0.160590008,24.1387296,0.155,4.284,5390.344
4.19962396,0.159779724,24.1379472,0.155,4.284,5397.547
4.19946144,0.158143483,24.1378244,0.155,4.284,5404.688
4.19950793,0.159883964,24.1203206,0.155,4.284,5411.906
4.19971266,0.156724501,24.1222981,0.155,4.284,5419.047
4.1996937,0.155653007,24.1190693,0.155,4.284,5426.234
4.19964529,0.157557968,24.1171681,0.155,4.284,5433.406
4.19963848,0.156113719,24.1189431,0.155,4.284,5440.609
4.19982632,0.156511364,24.1076127,0.155,4.284,5447.734
4.1997886,0.156072408,24.1032448,0.155,4.284,5454.938
4.19999063,0.157265262,24.1019938,0.155,4.284,5461.453
4.19988303,0.156572597,24.1037435,0.155,4.284,5467.875
4.20000817,0.155006471,24.1016833,0.155,4.284,5474.375
4.19984378,0.157786432,24.1023008,0.155,4.284,5480.875
4.19989909,0.156012997,24.1013113,0.155,4.284,5488.016
4.20012676,0.154791277,24.0881473,0.155,4.284,5494.5
4.20018713,0.156195366,24.081687,0.155,4.284,5501.672
4.20011353,0.155745606,24.0777351,0.155,4.284,5508.188
4.20015725,0.155458306,24.0825197,0.155,4.284,5515.375
4.20029943,0.157465085,24.0750151,0.155,4.284,5522.578
4.20009731,0.158583218,24.0646211,0.153,4.284,5529.703
4.20020183,0.157356203,24.0637605,0.155,4.284,5536.219
4.20019205,0.154432555,24.0638168,0.153,4.284,5543.375
4.20048153,0.159575194,24.0700057,0.153,4.284,5549.813
4.20069169,0.158384271,24.0506602,0.153,4.284,5556.297
4.19961028,0.145135821,24.0485686,0.144,4.278,5562.797
4.19962667,0.145154171,24.044334,0.144,4.278,5569.234
4.19921702,0.144795854,24.0390978,0.144,4.278,5576.438
4.19973683,0.147523055,24.043808,0.144,4.278,5583.594
4.19939821,0.14658164,24.0392965,0.144,4.278,5590.797
4.19943828,0.148396802,24.0348632,0.144,4.278,5597.938
4.19957863,0.143178846,24.0351718,0.144,4.278,5605.141
4.19951939,0.14290425,24.038345,0.144,4.278,5612.297
4.19971146,0.144839125,24.0332637,0.144,4.278,5619.5
4.19985688,0.147051424,24.030317,0.144,4.278,5626.641
4.19962819,0.147300503,24.0187676,0.144,4.278,5633.844
4.19961394,0.143976957,24.0117586,0.144,4.278,5640.984
4.19975747,0.145022092,24.0133698,0.142,4.278,5648.203
4.2000956,0.14778288,24.0110079,0.142,4.278,5655.344
4.20008658,0.144607996,23.9980277,0.142,4.278,5662.547
4.19988581,0.145856403,23.9969776,0.142,4.278,5669.688
4.1999731,0.144792506,24.000739,0.142,4.278,5676.906
4.20023527,0.145431841,23.9986799,0.142,4.278,5684.047
4.2000654,0.145120064,23.9931389,0.142,4.278,5691.25
4.20007137,0.145922069,23.9913759,0.142,4.278,5698.391
4.20036089,0.143128094,23.9862421,0.142,4.278,5705.594
4.20052954,0.14818827,23.9821981,0.142,4.278,5712.75
4.20036462,0.148454239,23.9727228,0.142,4.278,5719.953
4.20027472,0.14366379,23.9684354,0.142,4.278,5727.094
4.20046412,0.143966465,23.9783526,0.142,4.278,5734.328
4.20050459,0.143019658,23.9610099,0.142,4.278,5741.484
4.20035747,0.142344979,23.9590586,0.141,4.278,5748.625
4.20073942,0.143387125,23.9550258,0.141,4.278,5755.797
4.19965182,0.132264179,23.9586714,0.131,4.273,5763.047
4.19947905,0.135015743,23.9537604,0.133,4.273,5770.281
4.19984854,0.135498232,23.9475475,0.131,4.273,5777.531
4.19965631,0.13081536,23.9617358,0.133,4.273,5784.688
4.19958174,0.133689105,23.9409792,0.131,4.273,5791.828
4.19963793,0.134234422,23.941836,0.131,4.273,5799.031
4.19982653,0.135912032,23.9445686,0.131,4.273,5805.5
4.19963743,0.136215336,23.9419387,0.131,4.273,5812.719
4.19968224,0.131968544,23.9524878,0.131,4.273,5819.875
4.20003202,0.133083743,23.9409905,0.131,4.273,5827.078
4.20022726,0.135622133,23.9365572,0.131,4.273,5834.25
4.19982801,0.134012914,23.936368,0.131,4.273,5841.453
4.19986206,0.134337852,23.9316762,0.131,4.273,5848.594
4.20012537,0.130892057,23.9223499,0.131,4.273,5855.813
4.2001436,0.131154329,23.9289371,0.131,4.273,5862.953
4.20014466,0.133878811,23.9226319,0.131,4.273,5870.156
4.20012012,0.138925531,23.9235492,0.131,4.273,5877.297
4.1999838,0.131959086,23.9180419,0.131,4.273,5884.516
4.20001666,0.131475209,23.9184553,0.131,4.273,5891.656
4.2002267,0.132099114,23.9158388,0.13,4.273,5898.844
4.20003236,0.12996156,23.9057555,0.13,4.273,5906
4.20046913,0.134536646,23.9027451,0.13,4.273,5913.188
4.19998822,0.129111173,23.8973085,0.13,4.273,5920.344
4.20051334,0.130910552,23.9026334,0.13,4.273,5927.547
4.20057602,0.13279087,23.8921071,0.13,4.273,5934.688
4.19942026,0.122484851,23.8950666,0.12,4.268,5941.891
4.19969216,0.12309107,23.8899664,0.12,4.268,5949.047
4.19975999,0.122449486,23.8958276,0.12,4.268,5956.25
4.1995697,0.121971634,23.886139,0.12,4.268,5963.391
4.19981808,0.124436571,23.8906458,0.12,4.268,5970.594
4.19960035,0.120814788,23.8825662,0.12,4.268,5977.766
4.19939328,0.119800448,23.8807215,0.12,4.268,5984.969
4.19954005,0.124383951,23.8745195,0.12,4.268,5992.109
4.19972875,0.12587029,23.871199,0.12,4.268,5999.313
4.1998863,0.121773201,23.8659715,0.12,4.268,6006.453
4.19991834,0.123071216,23.8700259,0.12,4.268,6013.672
4.19985387,0.123266216,23.8621463,0.12,4.268,6020.813
4.19987078,0.120446355,23.8612869,0.12,4.268,6028.016
4.19973378,0.122965508,23.8650105,0.12,4.268,6035.156
4.20014762,0.122522786,23.8603621,0.12,4.268,6042.375
4.19973745,0.122301901,23.8579752,0.12,4.268,6049.516
4.19985609,0.119978755,23.8587942,0.12,4.268,6056.719
4.20019961,0.1242493,23.8441662,0.12,4.268,6063.844
4.20017004,0.118719191,23.8437,0.119,4.268,6071.063
4.20019294,0.122896035,23.8422959,0.119,4.268,6078.219
4.20022841,0.122892266,23.84903,0.119,4.268,6085.422
4.20027668,0.118376287,23.8439539,0.119,4.268,6092.563
4.2003235,0.122222561,23.83756,0.119,4.268,6099.766
4.20041434,0.121227081,23.8387361,0.119,4.268,6106.906
4.20035635,0.120693182,23.839121,0.119,4.268,6114.109
4.20022544,0.120079451,23.8437504,0.119,4.268,6121.25
4.2002797,0.115997341,23.8389164,0.119,4.268,6128.453
4.20048622,0.122370877,23.8348091,0.119,4.268,6135.594
4.20039679,0.119543005,23.8266038,0.119,4.268,6142.813
4.20058355,0.11972136,23.8262385,0.119,4.268,6149.953
4.20087537,0.123104942,23.82461,0.119,4.268,6157.172
4.20040726,0.11805595,23.8194434,0.119,4.268,6164.313
4.20063714,0.119999681,23.815838,0.119,4.268,6171.516
4.20073779,0.11978295,23.8137741,0.117,4.268,6178.656
4.20086065,0.122137261,23.821308,0.117,4.268,6185.859
4.20108033,0.12017866,23.8154983,0.117,4.268,6193
4.20102752,0.118628701,23.8104982,0.117,4.268,6200.219
4.20086261,0.122177549,23.8156602,0.117,4.268,6207.375
4.20097463,0.120303707,23.814694,0.117,4.268,6214.578
4.20104535,0.121020913,23.8066248,0.117,4.268,6221.703
4.20117137,0.117863708,23.8149523,0.117,4.268,6228.906
4.20073531,0.117960323,23.8054112,0.117,4.268,6236.063
4.20120873,0.122079619,23.8024558,0.117,4.268,6243.266
4.20151426,0.120859223,23.8047766,0.117,4.268,6250.406
4.20118079,0.120514081,23.8006199,0.116,4.268,6257.609
4.20118837,0.12046942,23.7920566,0.116,4.268,6264.781
4.201517,0.12384579,23.8009572,0.116,4.268,6271.984
4.20104332,0.113672687,23.7911518,0.116,4.268,6279.125
4.20185157,0.124026957,23.7966495,0.116,4.268,6286.328
4.20077697,0.110683596,23.7856295,0.106,4.262,6293.469
4.1997258,0.097620552,23.7853745,0.097,4.257,6300.688
4.19948718,0.0984096996,23.787166,0.097,4.257,6307.813
4.19946585,0.0981837889,23.788241,0.097,4.257,6315.016
4.19921082,0.0988182,23.7876816,0.098,4.257,6322.172
4.19959298,0.100764213,23.7824624,0.097,4.257,6329.391
4.19931687,0.0984633078,23.777578,0.098,4.257,6336.531
4.19900841,0.100573661,23.7711058,0.097,4.257,6343.734
4.19957155,0.100518894,23.7783264,0.098,4.251,6350.875
4.1993833,0.0965554742,23.7734297,0.098,4.251,6358.078
4.19933225,0.0981419467,23.772519,0.098,4.257,6365.234
4.19960876,0.101225335,23.7601025,0.098,4.257,6372.438
4.19840629,0.0932187676,23.763556,0.088,4.251,6379.609
4.19825646,0.0942081426,23.7569848,0.088,4.251,6386.813
4.19798476,0.0864395689,23.7677326,0.088,4.251,6393.953
4.19744134,0.0798149178,23.7591814,0.079,4.246,6401.172
4.19709773,0.0791802824,23.7505457,0.079,4.246,6408.344
4.19679772,0.0799740996,23.7477413,0.079,4.246,6415.547
4.19694698,0.0818025918,23.7558813,0.08,4.246,6422.688
4.19683526,0.0809065294,23.7472052,0.08,4.246,6429.906
4.19701544,0.0804171302,23.7441336,0.08,4.246,6437.063
4.19693279,0.0815831794,23.7433964,0.08,4.246,6444.25
4.19686535,0.0838320035,23.7388972,0.08,4.246,6451.406
4.1966887,0.0792944525,23.7297451,0.08,4.246,6458.625
4.19678183,0.0803191195,23.739758,0.08,4.246,6465.766
4.19667952,0.0832086123,23.7306623,0.08,4.246,6473
4.1967727,0.0823676481,23.7333248,0.08,4.246,6480.156
4.19649916,0.0817382469,23.7302956,0.08,4.246,6487.344
4.19640438,0.0803709775,23.7303927,0.08,4.246,6494.5
4.19652932,0.0811267038,23.7209526,0.08,4.246,6501.703
4.19667351,0.0830975489,23.7249277,0.08,4.246,6508.844
4.19645433,0.0835195981,23.7184171,0.08,4.246,6516.063
4.19651639,0.0835951603,23.7179576,0.08,4.246,6523.203
4.19657086,0.0824960511,23.7158181,0.08,4.246,6530.422
4.19652791,0.083278606,23.7127777,0.08,4.246,6537.578
4.19647066,0.0810072054,23.710821,0.08,4.246,6544.797
4.19657704,0.0805178128,23.7094595,0.08,4.246,6551.938
4.19610774,0.089255954,23.7075243,0.08,4.246,6559.141
4.1968144,0.0797665094,23.7048346,0.08,4.246,6566.344
4.19652816,0.0846870452,23.7061322,0.08,4.246,6573.547
4.19641553,0.0835336824,23.7030737,0.08,4.246,6580.625
4.19640949,0.0847583275,23.7048756,0.08,4.246,6587.734
4.19638317,0.0795051477,23.7023084,0.08,4.246,6594.891
4.19647563,0.0815883677,23.7030547,0.08,4.246,6601.969
4.19641094,0.081141027,23.6937185,0.08,4.246,6609.047
4.19680752,0.0815362873,23.7005199,0.08,4.246,6616.156
4.19661049,0.080972355,23.6843796,0.08,4.246,6623.297
4.19675456,0.0803947117,23.6907099,0.08,4.246,6630.375
4.19670463,0.0819768548,23.6979854,0.08,4.246,6637.5
4.19550068,0.0723704371,23.6986778,0.07,4.241,6644.656
4.1955412,0.0733063481,23.7020919,0.07,4.241,6651.734
4.19655639,0.0831920131,23.6997786,0.08,4.246,6658.844
4.19673954,0.0827229735,23.6944309,0.08,4.246,6665.984
4.19673977,0.0776679867,23.6964644,0.08,4.246,6673.078
4.19646478,0.0812748942,23.701908,0.08,4.246,6680.188
4.19654124,0.0820628712,23.7041845,0.08,4.246,6687.328
4.19669738,0.080135968,23.6947355,0.08,4.246,6694.422
4.1967762,0.0821624064,23.6879769,0.08,4.246,6701.531
4.19675115,0.0807120893,23.6962184,0.08,4.246,6708.672
4.19673365,0.080056653,23.6823364,0.08,4.246,6715.75
4.19700817,0.0807084135,23.6827857,0.08,4.246,6722.859
4.19677503,0.0823079726,23.6827821,0.08,4.246,6730
4.19686381,0.0795075183,23.6760724,0.08,4.246,6737.109
4.19681026,0.0828593611,23.6676214,0.08,4.246,6744.219
4.19690625,0.0804373252,23.6634356,0.08,4.246,6751.359
4.19686363,0.0772175432,23.6773738,0.08,4.246,6758.469
4.19673071,0.0801040747,23.6663243,0.08,4.246,6765.578
4.19701163,0.0835237993,23.6604405,0.08,4.246,6772.719
4.19680086,0.0843340748,23.6537849,0.08,4.246,6779.813
4.19700774,0.0807885944,23.6494671,0.079,4.246,6786.922
4.19709339,0.0814853955,23.6542539,0.079,4.246,6794.063
4.19720122,0.0831275156,23.6534503,0.079,4.246,6801.141
4.19703878,0.0800854887,23.6469687,0.079,4.246,6808.25
4.19720793,0.0792180496,23.6463503,0.079,4.246,6815.406
4.19721854,0.0790914386,23.6522229,0.079,4.246,6822.5
4.19700235,0.0789063346,23.6460731,0.079,4.246,6829.609
4.19703545,0.0831238441,23.6493185,0.079,4.246,6836.766
4.19708213,0.080718893,23.6425945,0.079,4.246,6843.844
4.19744456,0.0805420156,23.6384961,0.079,4.246,6850.953
4.19716228,0.0796453598,23.6362053,0.079,4.246,6858.094
4.19712982,0.0790198851,23.6366549,0.079,4.246,6865.188
4.1970566,0.0785372479,23.6355186,0.079,4.246,6872.375
4.19736185,0.0789343635,23.6243309,0.079,4.246,6879.469
4.1975148,0.0824787409,23.6265572,0.079,4.246,6886.578
4.19743732,0.0812413498,23.6360043,0.079,4.246,6893.734
4.19754895,0.0792521874,23.6244153,0.079,4.246,6900.828
4.19775418,0.0797496652,23.6275643,0.079,4.246,6907.953
4.19745199,0.0783613389,23.6312213,0.079,4.246,6915.094
4.19743606,0.0769884868,23.6286966,0.079,4.246,6922.188
4.19749001,0.0763194419,23.6262152,0.079,4.246,6929.281
4.19780297,0.0811026288,23.6211431,0.079,4.246,6936.438
4.19739438,0.0792198617,23.6216603,0.079,4.246,6943.516
4.19778042,0.0773572518,23.6238817,0.077,4.246,6950.625
4.19748076,0.0797626401,23.6230332,0.079,4.246,6957.781
4.19764344,0.0782486401,23.6163414,0.077,4.246,6964.875
4.19759774,0.0806383939,23.6155551,0.077,4.246,6972
4.1977938,0.0806069701,23.6173785,0.077,4.246,6979.141
4.19777285,0.0831148951,23.6094693,0.077,4.246,6986.234
4.19788909,0.0757795211,23.6018781,0.077,4.246,6993.344
4.19758093,0.0821414207,23.5960648,0.077,4.246,7000.5
4.19792343,0.0790279718,23.610011,0.077,4.246,7007.578
4.19701072,0.072035122,23.5945173,0.068,4.241,7014.688
4.19692923,0.0732285667,23.603814,0.068,4.241,7021.828
4.19695885,0.0680125591,23.6015858,0.068,4.241,7028.906
4.19673971,0.0667541341,23.6066303,0.068,4.241,7036
4.19660239,0.0665518429,23.595613,0.068,4.241,7043.094
4.19692702,0.0700777777,23.5927247,0.069,4.241,7050.234
4.19684382,0.0704130131,23.5974009,0.069,4.241,7057.313
4.19680589,0.066996748,23.6001082,0.068,4.241,7064.406
4.19687469,0.0711589548,23.596074,0.068,4.241,7071.563
4.19695735,0.0667127964,23.5983661,0.068,4.241,7078.625
4.19689493,0.0721590203,23.5981988,0.069,4.241,7085.719
4.19686654,0.0650537749,23.5996743,0.068,4.241,7092.813
4.19666834,0.0711274873,23.5981442,0.068,4.241,7099.938
4.19694711,0.0701590623,23.6034884,0.068,4.241,7107.031
4.19707286,0.0689068962,23.5917573,0.068,4.241,7114.125
4.1970708,0.0683861202,23.5808161,0.068,4.241,7121.344
4.19686971,0.0698721708,23.5829896,0.068,4.241,7128.453
4.1971081,0.0688881235,23.5892677,0.068,4.241,7135.641
4.19698675,0.068809192,23.5791144,0.068,4.241,7142.75
4.19677903,0.0709828581,23.572346,0.068,4.241,7149.922
4.19695532,0.069844066,23.5717951,0.068,4.241,7157.047
4.19696667,0.0676426608,23.5762886,0.068,4.241,7164.172
4.19696878,0.0709532385,23.5652003,0.068,4.241,7171.328
4.19727984,0.0682377908,23.568805,0.068,4.241,7178.438
4.19705878,0.0692875039,23.571071,0.068,4.241,7185.609
4.19693012,0.0678239834,23.576418,0.068,4.241,7192.719
4.19692705,0.0677167753,23.5818401,0.068,4.241,7199.828
4.19689665,0.0680037246,23.5772591,0.068,4.241,7206.969
4.19730961,0.0690318309,23.5815542,0.068,4.241,7214.063
4.19729569,0.0704126543,23.5646079,0.068,4.241,7221.172
4.19708034,0.069700393,23.5707698,0.068,4.241,7228.328
4.19712198,0.0717909224,23.5680283,0.068,4.241,7235.422
4.1971004,0.0706700915,23.5715637,0.068,4.241,7242.547
4.19741517,0.0695299443,23.5751355,0.068,4.241,7249.688
4.19725498,0.0706868128,23.5675461,0.068,4.241,7256.781
4.19745479,0.066651199,23.5678227,0.068,4.241,7263.875
4.19732868,0.0693549671,23.5667062,0.068,4.241,7271.031
4.19730954,0.066788178,23.5734773,0.068,4.241,7278.125
4.19729301,0.0678088962,23.5660287,0.068,4.241,7285.234
4.19728261,0.0695465124,23.5644171,0.068,4.241,7292.375
4.19744716,0.0687054533,23.5609592,0.068,4.235,7299.453
4.19749834,0.0689202237,23.5709373,0.068,4.241,7306.578
4.1973357,0.0681543154,23.5708575,0.066,4.241,7313.719
4.19741837,0.0658479777,23.5628442,0.066,4.241,7320.797
4.19780678,0.0679001805,23.5634985,0.066,4.241,7327.875
4.19757534,0.0658300061,23.5627163,0.066,4.241,7334.984
4.19747525,0.0678586875,23.5580892,0.066,4.241,7342.109
4.19769927,0.068368598,23.5560146,0.066,4.241,7349.219
4.19774333,0.0695404683,23.5525986,0.066,4.241,7356.328
4.19742855,0.0682114995,23.5511498,0.066,4.241,7363.469
4.19794578,0.0707277149,23.5563321,0.066,4.241,7370.547
4.19790456,0.0684974169,23.5555356,0.066,4.241,7377.641
4.19771867,0.0699509579,23.5574484,0.066,4.241,7384.797
4.19783108,0.0704172212,23.5394946,0.066,4.241,7391.875
4.19755944,0.0688746468,23.5506884,0.066,4.241,7398.984
4.19789012,0.0680920893,23.5541166,0.066,4.241,7406.125
4.19788328,0.0698998626,23.5539446,0.066,4.241,7413.203
4.19797054,0.0669928376,23.5520783,0.066,4.241,7420.281
4.19764598,0.0697274978,23.5552532,0.066,4.241,7427.375
4.19765477,0.0675790375,23.5503625,0.066,4.241,7434.516
4.1978274,0.0674041467,23.5542465,0.066,4.241,7441.594
4.19799129,0.0692267487,23.5518942,0.066,4.241,7448.703
4.19804871,0.0668728271,23.5506124,0.066,4.241,7455.844
4.19817589,0.0655673283,23.5521252,0.066,4.241,7462.922
4.19766121,0.0675732661,23.5475993,0.066,4.241,7470
4.19816939,0.0676068822,23.5521193,0.066,4.241,7477.109
4.19791645,0.0683522643,23.5443614,0.066,4.241,7484.25
4.19829125,0.0656286844,23.5409137,0.066,4.241,7491.328
4.19830311,0.0698949796,23.5363307,0.066,4.241,7498.406
4.19828981,0.0668660135,23.5306796,0.065,4.241,7505.5
4.19801248,0.0659036993,23.5265728,0.066,4.241,7512.641
4.19839418,0.0665546822,23.526927,0.065,4.241,7519.719
4.19821508,0.0689635613,23.5304634,0.066,4.241,7526.828
4.19837722,0.0667898732,23.5207477,0.065,4.241,7533.969
4.19825749,0.0700999727,23.5226926,0.065,4.241,7541.047
4.19853514,0.0709256125,23.5284911,0.065,4.241,7548.125
4.19845846,0.066210228,23.5274009,0.065,4.241,7555.219
4.19845429,0.0677173896,23.5206775,0.065,4.241,7562.359
4.19847171,0.0658879924,23.5133853,0.065,4.241,7569.438
4.19855612,0.0671085903,23.5136943,0.065,4.241,7576.531
4.19852483,0.0660723775,23.5199254,0.065,4.241,7583.688
4.19868315,0.0663240654,23.5119281,0.065,4.241,7590.172
4.19857539,0.0658214396,23.5188802,0.065,4.241,7596.578
4.19857056,0.0724775633,23.5181092,0.065,4.241,7602.969
4.19836913,0.066524031,23.5159116,0.065,4.241,7609.375
4.19864698,0.0661479879,23.5081398,0.065,4.241,7615.75
4.19847253,0.0653288033,23.5095577,0.065,4.241,7622.125
4.19878614,0.0653639815,23.5061613,0.065,4.241,7628.516
4.19873689,0.0659944773,23.5067339,0.065,4.241,7634.891
4.19884466,0.0684230215,23.5128602,0.065,4.241,7641.281
4.19865978,0.0647464973,23.508866,0.065,4.241,7647.656
4.19865935,0.0653040356,23.4988236,0.065,4.241,7654.031
4.19877553,0.0632776183,23.5050785,0.064,4.241,7660.406
4.19860329,0.0657555381,23.5033708,0.065,4.241,7666.781
4.19906241,0.0651050034,23.4993323,0.065,4.241,7673.188
4.19921427,0.0651321834,23.49456,0.064,4.241,7679.563
4.19893303,0.0646955408,23.5000172,0.064,4.241,7685.922
4.19792657,0.0560004119,23.490681,0.054,4.235,7692.297
4.19779628,0.0550718205,23.4993315,0.054,4.235,7698.688
4.1976037,0.053040831,23.4951287,0.054,4.235,7705.078
4.19763607,0.0524148562,23.5009356,0.054,4.235,7711.453
4.19776633,0.0556050313,23.4977155,0.054,4.235,7717.813
4.19786614,0.0576044481,23.495847,0.054,4.235,7724.203
4.1980132,0.0575781287,23.4934282,0.054,4.235,7730.578
4.1980358,0.0573094464,23.4949713,0.054,4.235,7736.969
4.19770171,0.0552218799,23.4921641,0.054,4.235,7743.344
4.19752918,0.0526859392,23.501017,0.054,4.235,7749.703
4.19772054,0.0511863257,23.5017828,0.054,4.235,7756.094
4.19779686,0.0533755535,23.4945006,0.054,4.235,7762.453
4.19757887,0.055845203,23.5010065,0.054,4.23,7768.859
4.19682341,0.044293854,23.4990614,0.046,4.224,7775.219
4.19680668,0.0447619768,23.4948435,0.046,4.23,7781.594
4.19715273,0.0463541632,23.4994201,0.046,4.23,7787.984
4.19647806,0.0431552792,23.4886391,0.046,4.23,7794.344
4.19763273,0.0570973301,23.4832699,0.055,4.235,7800.75
4.1974223,0.0559379951,23.4972323,0.054,4.235,7807.125
4.19771499,0.0574265486,23.4840742,0.055,4.235,7813.5
4.19759995,0.0550762209,23.4771445,0.055,4.235,7819.875
4.19800084,0.0579474173,23.4801839,0.054,4.235,7826.25
4.19752269,0.0569240773,23.4836067,0.054,4.235,7832.641
4.19703583,0.0454622711,23.4752548,0.044,4.23,7839.016
4.19677747,0.046003778,23.4831108,0.046,4.23,7845.391
4.19681766,0.0449673311,23.4833138,0.046,4.23,7851.766
4.19665257,0.0480360501,23.4758547,0.046,4.23,7858.141
4.19577441,0.0385762455,23.4851977,0.036,4.224,7864.547
4.19558821,0.0340411905,23.4855717,0.036,4.224,7870.922
4.19552739,0.0397104464,23.4740349,0.036,4.224,7877.297
4.19639777,0.0474130007,23.4782843,0.046,4.23,7883.688
4.19737145,0.0534775878,23.4781248,0.055,4.235,7890.063
4.19732663,0.0572157817,23.4811913,0.055,4.235,7896.453
4.19775561,0.05402596,23.4668125,0.055,4.235,7902.828
4.19728206,0.0556662137,23.4756944,0.055,4.235,7909.188
4.19674125,0.0477173051,23.4735556,0.046,4.224,7915.578
4.19671895,0.0472337736,23.4857297,0.046,4.23,7921.953
4.19669298,0.0452761947,23.4870172,0.046,4.23,7928.359
4.19580757,0.0384121851,23.4933263,0.036,4.224,7934.734
4.19582659,0.0379529721,23.4863873,0.036,4.224,7941.109
4.19540868,0.0321570342,23.4872172,0.036,4.224,7947.5
4.1964644,0.0472090577,23.4827496,0.046,4.23,7953.875
4.19586751,0.0384878566,23.4837068,0.036,4.224,7960.266
4.19561504,0.0369682649,23.4762166,0.036,4.224,7966.641
4.19578707,0.0405258839,23.4820815,0.036,4.224,7973.016
4.19563648,0.0383486648,23.4878719,0.037,4.224,7979.406
4.19518262,0.0388977946,23.4866955,0.036,4.224,7985.813
4.19620647,0.0471814284,23.484091,0.046,4.23,7992.281
4.19529439,0.0377465203,23.4699534,0.036,4.224,7998.688
4.19643559,0.0484859831,23.469369,0.046,4.23,8005.094
4.19735105,0.0597613262,23.4756449,0.055,4.235,8011.531
4.19767973,0.0581113365,23.4778624,0.055,4.235,8017.922
4.19756117,0.060845719,23.4803191,0.055,4.235,8024.313
4.1972196,0.0573815225,23.4751089,0.055,4.235,8030.688
4.197608,0.0565011591,23.4764635,0.055,4.235,8037.063
4.19762295,0.0579239214,23.4768482,0.055,4.235,8043.453
4.1979788,0.0552954441,23.4767138,0.054,4.23,8049.844
4.19776763,0.0548752859,23.4755333,0.055,4.235,8056.219
4.19752413,0.0566775041,23.4674955,0.054,4.23,8062.594
4.19764818,0.056678,23.4664123,0.054,4.235,8068.984
4.19786495,0.0545096429,23.468332,0.054,4.235,8075.359
4.19777211,0.0541246431,23.4687474,0.054,4.235,8081.75
4.19800897,0.0594513228,23.4676454,0.054,4.235,8088.125
4.19816138,0.0540403725,23.4661788,0.054,4.235,8094.5
4.19804351,0.0551788535,23.4647154,0.054,4.235,8100.875
4.19818678,0.0617744094,23.4655464,0.054,4.235,8107.266
4.19823814,0.0550617704,23.4643262,0.054,4.235,8113.656
4.19808349,0.0556235962,23.4549271,0.054,4.235,8120.031
4.19825613,0.0537342339,23.4697724,0.054,4.235,8126.422
4.19811302,0.0540056894,23.4608169,0.054,4.235,8132.797
4.19717818,0.0443634135,23.4608321,0.044,4.23,8139.188
4.19641831,0.036477347,23.4605764,0.035,4.224,8145.563
4.19623731,0.0353044209,23.4578992,0.035,4.224,8151.938
4.19602241,0.0420777126,23.4611291,0.035,4.224,8158.328
4.19628311,0.0371601592,23.4598437,0.035,4.224,8164.703
4.19616355,0.0359761867,23.4569437,0.036,4.224,8171.094
4.19605493,0.0347961712,23.4445013,0.036,4.224,8177.469
4.19559845,0.0359053086,23.4605576,0.036,4.224,8183.859
4.19593771,0.0363819707,23.4552339,0.036,4.224,8190.234
4.19585508,0.0381209628,23.4561298,0.036,4.224,8196.625
4.19601838,0.0365429571,23.4576915,0.036,4.224,8203.016
4.19560246,0.0383948776,23.4512639,0.036,4.224,8209.391
4.19568353,0.0380139286,23.4491158,0.036,4.224,8215.781
4.1956857,0.0366794834,23.4604609,0.036,4.224,8222.172
4.19599251,0.0364917211,23.4498412,0.036,4.224,8228.547
4.19563301,0.0348830702,23.4489866,0.036,4.224,8234.938
4.19483277,0.0240200605,23.4514739,0.026,4.219,8241.313
4.19590165,0.0413328403,23.4517073,0.036,4.224,8247.703
4.19571321,0.0402608647,23.4456563,0.036,4.224,8254.094
4.1946222,0.0263191896,23.4528352,0.026,4.219,8260.469
4.19533135,0.035439153,23.4417117,0.036,4.224,8266.859
4.19633886,0.0489710865,23.4493684,0.046,4.23,8273.234
4.1975294,0.0543806865,23.4439672,0.055,4.235,8279.625
4.19770007,0.0596715312,23.4430279,0.055,4.235,8286
4.19759846,0.0524234054,23.4436699,0.054,4.235,8292.375
4.19772806,0.0511138727,23.4453175,0.054,4.235,8298.766
4.19777817,0.0563067302,23.4475584,0.054,4.235,8305.156
4.19795689,0.0537498166,23.4506722,0.054,4.235,8311.547
4.19798407,0.053030328,23.4426224,0.054,4.235,8317.922
4.19800974,0.0543726454,23.4439544,0.054,4.235,8324.313
4.19718997,0.0446336001,23.4453885,0.044,4.23,8330.688
4.19693163,0.0457960061,23.4428705,0.044,4.23,8337.078
4.19698107,0.0496198707,23.4322184,0.044,4.23,8343.469
4.1973958,0.0482573972,23.4425115,0.044,4.224,8349.844
4.1970516,0.0479615247,23.4368943,0.044,4.23,8356.219
4.19712411,0.0448306436,23.4427246,0.044,4.23,8362.609
4.19712258,0.0468951788,23.4330737,0.044,4.23,8369
4.19627613,0.036635862,23.4379201,0.035,4.224,8375.391
4.19639418,0.0354468207,23.4415532,0.035,4.224,8381.766
4.19622338,0.0381006548,23.4385899,0.035,4.224,8388.141
4.19599848,0.035875891,23.4402264,0.035,4.224,8394.531
4.19591693,0.0350393201,23.4369945,0.035,4.224,8400.906
4.19611284,0.0367375014,23.4321074,0.035,4.224,8407.297
4.1961073,0.03611368,23.4425419,0.035,4.224,8413.672
4.19601352,0.0366352298,23.4290759,0.035,4.224,8420.063
4.19605468,0.0360426157,23.4415063,0.036,4.224,8426.453
4.19518641,0.0281668501,23.4308698,0.026,4.219,8433.547
4.19570925,0.0353538963,23.428262,0.036,4.224,8439.938
4.19573857,0.0364631962,23.4325232,0.036,4.224,8446.453
4.19592656,0.0379557782,23.4261457,0.036,4.224,8452.828
4.19598201,0.0373837746,23.4246976,0.035,4.224,8459.219
4.1958606,0.0394391393,23.433432,0.036,4.224,8465.609
4.19578018,0.034495351,23.4317796,0.036,4.224,8472
4.19618307,0.0342269611,23.4309324,0.036,4.224,8478.375
4.19499722,0.0262207582,23.4316973,0.026,4.219,8484.75
4.19561369,0.0339084205,23.4432773,0.036,4.224,8491.141
4.19587729,0.0370543671,23.4370267,0.036,4.224,8497.516
4.19619625,0.0376343771,23.4397676,0.036,4.224,8503.891
4.19580695,0.0364123635,23.436814,0.036,4.224,8510.281
4.19633127,0.037538035,23.4403424,0.036,4.219,8516.656
4.19503913,0.0285178874,23.428589,0.026,4.219,8523.047
4.19596923,0.0392639423,23.4395054,0.036,4.224,8529.438
4.19562443,0.0356691743,23.4369289,0.036,4.224,8535.828
4.19576055,0.0400176095,23.4302575,0.036,4.224,8542.203
4.19589847,0.0363214275,23.4336596,0.036,4.224,8548.578
4.19589216,0.0357291846,23.4293375,0.036,4.224,8554.969
4.19585173,0.0404400765,23.424477,0.036,4.224,8561.359
4.19590531,0.0376367554,23.4329079,0.036,4.224,8567.75
4.19589287,0.0346010179,23.4292745,0.036,4.224,8574.141
4.19599643,0.0381226574,23.426304,0.035,4.224,8580.516
4.19591366,0.0371552209,23.4326598,0.036,4.224,8586.906
4.19595401,0.0343924483,23.428726,0.035,4.219,8593.297
4.19591687,0.0400486963,23.423891,0.035,4.224,8599.688
4.19600127,0.0354281042,23.4226519,0.036,4.224,8606.063
4.19620304,0.0332729129,23.4129999,0.036,4.224,8612.438
4.19581829,0.0370704514,23.413654,0.036,4.224,8618.844
4.19613959,0.0379567389,23.4139529,0.035,4.224,8625.219
4.1959096,0.0368361956,23.4164872,0.036,4.224,8631.609
4.19608031,0.0372728808,23.4098737,0.036,4.224,8638
4.19493993,0.0259556581,23.4151577,0.026,4.219,8644.406
4.19594548,0.0357779643,23.4104889,0.036,4.224,8650.813
4.19580424,0.0342643941,23.4149358,0.036,4.224,8657.188
4.19601639,0.0363318206,23.4186723,0.036,4.224,8663.578
4.19590627,0.0347397109,23.4121967,0.035,4.224,8669.953
4.19596123,0.0366825406,23.4170535,0.035,4.219,8676.328
4.1963115,0.0366403576,23.4081789,0.036,4.224,8682.719
4.19518375,0.0248479923,23.4125295,0.026,4.219,8689.094
4.19554769,0.0375867174,23.4083914,0.036,4.224,8695.5
4.19678266,0.0465438076,23.4135183,0.044,4.23,8701.875
4.19705874,0.044816527,23.4126733,0.044,4.23,8708.25
4.19697703,0.0473409111,23.4121159,0.044,4.23,8714.641
4.19610221,0.0365080796,23.4092568,0.035,4.224,8721.016
4.19646955,0.0341864378,23.4111897,0.035,4.224,8727.422
4.19619762,0.0368814656,23.4124857,0.035,4.224,8733.797
4.19621825,0.0352564728,23.4167772,0.035,4.224,8740.203
4.19627212,0.035960784,23.4105659,0.035,4.224,8746.594
4.19591737,0.0369319229,23.4080627,0.035,4.224,8752.984
4.19627409,0.036440902,23.403371,0.035,4.224,8759.375
4.19613299,0.0344473929,23.4070372,0.035,4.224,8765.781
4.19613236,0.036247499,23.398636,0.035,4.224,8772.203
4.19621823,0.0357177141,23.402448,0.035,4.224,8778.594
4.19625813,0.0386231051,23.4091261,0.035,4.224,8784.969
4.19610013,0.0409077712,23.4010021,0.035,4.224,8791.375
4.19617785,0.0372802659,23.4127707,0.035,4.224,8797.75
4.19618061,0.0351057252,23.3985354,0.035,4.224,8804.219
4.19613324,0.0318355502,23.4160835,0.035,4.219,8810.656
4.19603243,0.0381137245,23.4045353,0.035,4.224,8817.047
4.19616196,0.0355072066,23.4055246,0.035,4.224,8823.438
4.19629059,0.0353757138,23.408218,0.035,4.224,8829.859
4.19608335,0.0338244198,23.4059197,0.035,4.224,8836.25
4.19636739,0.0362649381,23.400908,0.035,4.224,8842.75
4.19636153,0.0364849476,23.3984981,0.035,4.224,8849.141
4.19627037,0.0373450893,23.402422,0.035,4.224,8855.547
4.19606446,0.0376174391,23.4028632,0.035,4.224,8861.922
4.19606597,0.036331021,23.4059397,0.035,4.224,8868.406
4.19619422,0.0355899616,23.4059389,0.035,4.224,8874.844
4.19615288,0.0358440718,23.4007452,0.035,4.224,8881.25
4.19647237,0.0367700014,23.4114086,0.035,4.224,8887.656
4.19623254,0.0359499247,23.4038338,0.035,4.224,8894.375
4.19635281,0.0365553626,23.4046907,0.035,4.224,8900.766
4.19634819,0.034441108,23.406152,0.035,4.224,8907.875
4.19616151,0.0337183193,23.3989583,0.035,4.224,8914.328
4.19565096,0.0269179257,23.3963032,0.025,4.219,8920.797
4.1952513,0.0285068661,23.3930472,0.025,4.219,8927.172
4.19619551,0.035579203,23.3970801,0.035,4.224,8933.609
4.19648401,0.036527806,23.3976131,0.035,4.224,8940.016
4.19651526,0.0348491701,23.4049264,0.035,4.224,8946.406
4.1963818,0.0392444767,23.389425,0.035,4.224,8952.781
4.19624735,0.0336224106,23.392884,0.035,4.224,8959.172
4.19647324,0.0351818886,23.3909833,0.035,4.224,8965.609
4.19640874,0.0364715199,23.3931077,0.035,4.224,8972
4.19601214,0.0341503726,23.4014184,0.035,4.224,8978.391
4.19626664,0.0322563673,23.3881698,0.035,4.224,8984.813
4.19637017,0.0349031999,23.3948874,0.035,4.224,8991.203
4.19636467,0.035121328,23.3993136,0.035,4.224,8997.703
4.19652897,0.038265888,23.3955116,0.035,4.224,9004.109
4.19661958,0.0347580173,23.3887219,0.035,4.224,9010.5
4.19666684,0.0358743929,23.3906789,0.035,4.224,9016.906
4.19596038,0.0273000866,23.3939129,0.025,4.219,9023.297
4.19541834,0.0253627308,23.3958883,0.025,4.219,9029.703
4.19641864,0.0374158078,23.3957822,0.035,4.224,9036.094
4.19627735,0.0357493693,23.3929595,0.035,4.224,9042.516
4.19645014,0.034014089,23.3934377,0.035,4.224,9048.922
4.19671432,0.0369474135,23.3878193,0.035,4.224,9055.375
4.19661952,0.035764427,23.387862,0.035,4.224,9061.813
4.19633219,0.0357182401,23.3981864,0.035,4.224,9068.203
4.19645067,0.0339183233,23.39092,0.035,4.224,9074.594
4.19683848,0.0374934493,23.3888054,0.035,4.224,9080.984
4.19671385,0.038216815,23.3922094,0.035,4.224,9087.391
4.19689034,0.0333645912,23.3910502,0.035,4.224,9093.766
4.19636865,0.0352510782,23.3915262,0.033,4.224,9100.156
4.19665631,0.033865247,23.3942623,0.035,4.224,9106.547
4.19657186,0.0378880765,23.4023078,0.035,4.224,9112.938
4.19670229,0.0346586713,23.3955073,0.035,4.224,9119.313
4.19643077,0.0364791937,23.3946654,0.035,4.224,9125.719
4.19650554,0.0322558293,23.3930226,0.033,4.219,9132.125
4.196919,0.0338228002,23.388387,0.033,4.224,9138.516
4.19683286,0.0351833575,23.3822133,0.033,4.224,9144.969
4.19673243,0.0316313797,23.3836739,0.033,4.224,9151.438
4.19672033,0.0341534423,23.3781379,0.033,4.224,9157.859
4.19680566,0.0347558053,23.3873839,0.033,4.224,9164.25
4.19686002,0.0380604991,23.3806955,0.033,4.224,9170.641
4.1970877,0.0338865402,23.3830954,0.033,4.224,9177.031
4.19665229,0.0354646657,23.3768939,0.033,4.224,9183.438
4.19697574,0.0340219757,23.3838611,0.033,4.224,9189.844
4.1968031,0.0352541442,23.3836302,0.033,4.224,9196.234
4.19702942,0.0341808088,23.3853698,0.033,4.224,9202.609
4.19684225,0.033991702,23.3817066,0.033,4.224,9208.984
4.196718,0.0361169418,23.3840699,0.033,4.224,9215.375
4.19677452,0.035160879,23.3839702,0.033,4.224,9221.766
4.19703267,0.0369765762,23.3804639,0.033,4.224,9228.141
4.19711666,0.0346691199,23.3765512,0.033,4.224,9234.516
4.19658345,0.0346342478,23.3773236,0.033,4.224,9240.906
4.19687111,0.0334598399,23.3697829,0.033,4.224,9247.281
4.19665853,0.0379586588,23.3729491,0.033,4.219,9253.672
4.19699657,0.0338170539,23.373237,0.033,4.224,9260.047
4.1971376,0.0337358392,23.3675089,0.033,4.224,9266.422
4.19684275,0.0349120819,23.3621798,0.033,4.224,9272.813
4.19683134,0.0360490788,23.3697911,0.033,4.224,9279.203
4.19705353,0.0336195249,23.3650309,0.033,4.224,9285.594
4.19714401,0.0303646391,23.3686603,0.033,4.224,9291.969
4.1970242,0.035357859,23.3707836,0.033,4.224,9298.344
4.19702179,0.0356604826,23.3776505,0.033,4.224,9304.734
4.19707273,0.0352853004,23.3730885,0.033,4.224,9311.125
4.19708711,0.033982793,23.3744794,0.033,4.224,9317.516
4.19678665,0.0332752122,23.3769082,0.033,4.224,9323.891
4.19705462,0.0303712425,23.3769057,0.033,4.224,9330.266
4.19634527,0.0260711545,23.374422,0.024,4.219,9336.656
4.19635734,0.0245093259,23.3667424,0.024,4.219,9343.031
4.1959126,0.0230444324,23.3734539,0.024,4.219,9349.422
4.19593521,0.0286233841,23.366284,0.024,4.219,9355.797
4.19619015,0.0253794967,23.3655663,0.024,4.219,9362.188
4.19612356,0.0243704913,23.3636791,0.024,4.219,9368.578
4.19598737,0.0236717666,23.3625582,0.024,4.219,9374.969
4.19582716,0.0272429538,23.3701906,0.024,4.219,9381.359
4.19577371,0.022680351,23.3803889,0.024,4.219,9387.734
4.19583551,0.0240909643,23.3711896,0.024,4.219,9394.125
4.19604923,0.0240035044,23.3604476,0.024,4.219,9400.516
4.19610757,0.0259356491,23.3736127,0.024,4.219,9407.156
4.19581156,0.0223485945,23.3609726,0.025,4.219,9413.578
4.19579958,0.0286556623,23.3658041,0.025,4.219,9420
4.19566735,0.0263050456,23.364981,0.025,4.219,9426.406
4.19587239,0.0229234412,23.3579494,0.024,4.219,9432.813
4.19601015,0.0245721432,23.3753707,0.025,4.219,9439.219
4.19576304,0.0245660275,23.3713185,0.025,4.219,9445.641
4.19580258,0.0251201537,23.3635867,0.024,4.219,9452.078
4.19592836,0.025475463,23.3656137,0.025,4.219,9458.547
4.19583302,0.0261494549,23.3665969,0.025,4.219,9464.984
4.19605444,0.0245460411,23.3658571,0.025,4.219,9471.406
4.19592182,0.0225584084,23.3639616,0.025,4.219,9477.813
4.19629606,0.0248003179,23.3622065,0.025,4.219,9484.203
4.19581175,0.024335177,23.3586222,0.025,4.219,9490.609
4.19563883,0.0255564872,23.3661999,0.025,4.219,9497
4.19560419,0.0269910729,23.3627085,0.025,4.219,9503.438
4.19560367,0.0234457045,23.3679843,0.025,4.219,9509.766
4.19547212,0.0243590739,23.3607388,0.025,4.219,9516.109
4.19663672,0.0379425927,23.3565074,0.035,4.219,9522.453
4.19683774,0.0306445135,23.3594295,0.033,4.224,9528.781
4.19663263,0.03792772,23.3625847,0.033,4.224,9535.109
4.1968526,0.033314668,23.3581462,0.033,4.224,9541.406
4.19695036,0.0363251744,23.3584294,0.033,4.224,9547.75
4.1970792,0.0355695691,23.3591523,0.033,4.224,9554.078
4.19675077,0.0313059453,23.3567933,0.033,4.224,9560.406
4.19693393,0.0331375445,23.3513874,0.033,4.224,9566.75
4.19727658,0.033896132,23.3552075,0.033,4.224,9573.094
4.19703602,0.0347458202,23.3581271,0.033,4.224,9579.438
4.19706866,0.0376723639,23.3553203,0.033,4.224,9585.766
4.19603273,0.0247552337,23.3629107,0.024,4.219,9592.078
4.19611024,0.0213978859,23.3610631,0.024,4.219,9598.406
4.19601921,0.0218521569,23.3555018,0.024,4.219,9604.703
4.19619166,0.0269356514,23.3538982,0.024,4.219,9611.047
4.19618401,0.025607143,23.3440768,0.024,4.219,9617.375
4.19616901,0.0249740478,23.341887,0.024,4.219,9623.703
4.19601415,0.0224797174,23.3405162,0.024,4.219,9630.031
4.19591906,0.0267083022,23.3453364,0.024,4.219,9636.344
4.19605215,0.0259512035,23.338933,0.024,4.214,9642.672
4.19578881,0.0267861774,23.3378065,0.024,4.219,9649.016
4.19581486,0.0262003137,23.3442657,0.024,4.219,9655.313
4.19601302,0.0253173938,23.3473428,0.024,4.219,9661.641
4.1963001,0.0231885586,23.3475803,0.024,4.219,9667.953
4.19584788,0.0240567621,23.3447289,0.024,4.219,9674.281
4.19600013,0.0253057233,23.3463898,0.024,4.219,9680.563
4.195681,0.0234286083,23.34283,0.024,4.219,9686.891
4.19590985,0.0270608032,23.3433761,0.024,4.219,9693.219
4.19610549,0.0245749085,23.3428848,0.024,4.219,9699.547
4.19610961,0.0282068565,23.3477002,0.024,4.219,9705.875
4.19611694,0.0237721961,23.3353229,0.024,4.219,9712.141
4.19574955,0.0260197423,23.3366038,0.024,4.219,9718.469
4.19595586,0.023221347,23.3393723,0.024,4.219,9724.797
4.1960676,0.0262205259,23.3472881,0.024,4.219,9731.172
4.19587968,0.0242138801,23.3400253,0.024,4.219,9737.5
4.19596188,0.0251063287,23.3456376,0.024,4.219,9743.828
4.19610846,0.0222433659,23.3474214,0.024,4.219,9750.141
4.19593749,0.0238969419,23.3488068,0.024,4.219,9756.469
4.19601344,0.027062896,23.3428009,0.024,4.219,9762.781
4.19596699,0.0218519188,23.3457845,0.024,4.219,9769.109
4.19605283,0.0243887068,23.3493155,0.024,4.219,9775.438
4.19619624,0.0232040339,23.3418371,0.024,4.219,9781.766
4.19596184,0.0248125893,23.339607,0.024,4.219,9788.094
4.19584639,0.0235942039,23.3321428,0.024,4.219,9794.453
4.19586124,0.0253909293,23.3450246,0.024,4.219,9800.797
4.19587018,0.0241830029,23.3456474,0.024,4.219,9807.125
4.19606695,0.023521255,23.346342,0.024,4.219,9813.438
4.19592338,0.0239788701,23.345694,0.024,4.219,9819.766
4.1959417,0.0208092407,23.3420988,0.024,4.219,9826.141
4.19595796,0.0231799414,23.3419084,0.024,4.219,9832.484
4.19613573,0.025262681,23.3395957,0.024,4.214,9838.813
4.19600296,0.0229808042,23.3483162,0.024,4.219,9845.109
4.19602519,0.0260194817,23.3420578,0.024,4.219,9851.453
4.19582785,0.0237723771,23.3365697,0.024,4.219,9857.781
4.19599623,0.0252106609,23.333869,0.024,4.219,9864.109
4.19589656,0.0230183577,23.3416299,0.024,4.219,9870.438
4.19595566,0.0245553295,23.3308552,0.024,4.219,9876.75
4.1960511,0.0258505298,23.3417001,0.024,4.219,9883.094
4.19623243,0.0269313443,23.3425959,0.024,4.219,9889.438
4.19593498,0.0252056759,23.3363905,0.024,4.219,9895.719
4.19599471,0.0217987966,23.3430636,0.024,4.219,9902.047
4.19610489,0.0247942712,23.3436475,0.024,4.219,9908.359
4.19616391,0.0251104297,23.3368944,0.024,4.219,9914.688
4.19590945,0.0266973765,23.3397346,0.024,4.219,9921.031
4.19597297,0.0267432275,23.3303579,0.024,4.219,9927.328
4.19614554,0.0244525292,23.3323449,0.024,4.219,9933.641
4.19611335,0.0251837824,23.3337122,0.024,4.219,9939.969
4.19619214,0.0238927444,23.3321587,0.024,4.219,9946.297
4.1962049,0.0226078037,23.3353799,0.024,4.219,9952.641
4.19606877,0.0258722256,23.3358791,0.024,4.219,9958.922
4.19601424,0.0285614802,23.3288635,0.024,4.219,9965.266
4.19592731,0.0278721668,23.3281178,0.024,4.214,9971.594
4.19609239,0.0232383546,23.3318389,0.024,4.219,9977.938
4.19614277,0.0257018046,23.3271946,0.024,4.219,9984.266
4.19617352,0.024791353,23.3287864,0.024,4.219,9990.578
4.19611224,0.0238905188,23.3219699,0.024,4.219,9996.906
4.19654269,0.026422481,23.318999,0.024,4.219,10003.203
4.19643164,0.0254821368,23.3253288,0.024,4.219,10009.547
4.19640286,0.0251499127,23.3201292,0.024,4.219,10015.875
4.1961488,0.025272222,23.322223,0.024,4.219,10022.203
4.19616167,0.0261703579,23.3238458,0.024,4.219,10028.531
4.19599403,0.025540651,23.311662,0.024,4.219,10034.859
4.19635182,0.0242203255,23.3136994,0.024,4.219,10041.188
4.19633262,0.0250721198,23.3200192,0.024,4.219,10047.531
4.19605443,0.0224784212,23.3129379,0.024,4.219,10053.828
4.19630234,0.0249992486,23.3156292,0.024,4.219,10060.141
4.19591962,0.0220952583,23.321423,0.024,4.219,10066.469
4.19629191,0.0219600722,23.3233484,0.024,4.219,10072.797
4.19610879,0.0226842818,23.3288877,0.024,4.219,10079.141
4.19643294,0.0260602537,23.3285718,0.024,4.219,10085.438
4.19631439,0.0208173658,23.3208008,0.024,4.219,10091.75
4.19637384,0.0233239078,23.314808,0.024,4.219,10098.078
4.19645616,0.0233627447,23.3073724,0.024,4.219,10104.406
4.19642102,0.0213667962,23.3095916,0.024,4.219,10110.75
4.19619114,0.0233730512,23.3212466,0.024,4.219,10117.031
4.19611889,0.0227759718,23.3122429,0.024,4.219,10123.359
4.19630117,0.024546239,23.3135729,0.024,4.219,10129.672
4.19627103,0.0261558028,23.3228948,0.024,4.219,10136
4.19627785,0.0240704764,23.3135117,0.024,4.214,10142.344
4.19598385,0.0189221784,23.3152107,0.024,4.219,10148.641
4.15758298,0.00160194443,23.344122,-0.001,-0.007,10154.922
4.17237689,-0.000555733232,23.4039568,0,-0.007,10161.219
4.17673447,-0.00149527075,23.4321442,0,-0.007,10167.438
4.17924687,0.00193256561,23.4437029,0,-0.007,10173.703
